InvoiceNo,Description,Quantity,InvoiceDate,UnitPrice,CustomerID,Country
536001,ALARM CLOCK BAKELIKE RED,13,2023-01-09 09:45:00,3.75,1001.0,United Kingdom
536001,VINTAGE SNAP CARDS,21,2023-01-09 09:45:00,0.85,1001.0,United Kingdom
536001,RED RETROSPOT CHARLOTTE BAG,8,2023-01-09 09:45:00,0.85,1001.0,United Kingdom
536001,ASSORTED COLOUR BIRD ORNAMENT,10,2023-01-09 09:45:00,1.69,1001.0,United Kingdom
536001,WOODEN PICTURE FRAME WHITE FINISH,17,2023-01-09 09:45:00,2.55,1001.0,United Kingdom
536002,WOODEN PICTURE FRAME WHITE FINISH,17,2023-02-07 09:45:00,2.55,1001.0,United Kingdom
536002,SET OF 3 CAKE TINS PANTRY DESIGN,22,2023-02-07 09:45:00,4.95,1001.0,United Kingdom
536002,VINTAGE SNAP CARDS,23,2023-02-07 09:45:00,0.85,1001.0,United Kingdom
536002,HAND WARMER OWL DESIGN,24,2023-02-07 09:45:00,2.1,1001.0,United Kingdom
536002,POSTAGE,14,2023-02-07 09:45:00,3.75,1001.0,United Kingdom
536002,LUNCH BAG RED RETROSPOT,18,2023-02-07 09:45:00,1.65,1001.0,United Kingdom
536002,WOODEN STAR CHRISTMAS DECORATION,18,2023-02-07 09:45:00,0.85,1001.0,United Kingdom
536002,PARTY BUNTING,18,2023-02-07 09:45:00,4.95,1001.0,United Kingdom
536003,JUMBO BAG RED RETROSPOT,24,2023-03-06 09:45:00,2.08,1001.0,United Kingdom
536003,ALARM CLOCK BAKELIKE RED,23,2023-03-06 09:45:00,3.75,1001.0,United Kingdom
536003,DOORMAT AIRMAIL,14,2023-03-06 09:45:00,7.95,1001.0,United Kingdom
536003,SET OF 3 CAKE TINS PANTRY DESIGN,6,2023-03-06 09:45:00,4.95,1001.0,United Kingdom
536003,REGENCY CAKESTAND 3 TIER,11,2023-03-06 09:45:00,12.75,1001.0,United Kingdom
536003,LUNCH BAG RED RETROSPOT,13,2023-03-06 09:45:00,1.65,1001.0,United Kingdom
536003,HEART OF WICKER SMALL,11,2023-03-06 09:45:00,1.65,1001.0,United Kingdom
536003,ASSORTED COLOUR BIRD ORNAMENT,10,2023-03-06 09:45:00,1.69,1001.0,United Kingdom
536004,POSTAGE,23,2023-04-04 09:45:00,3.75,1001.0,United Kingdom
536004,WHITE HANGING HEART T-LIGHT HOLDER,6,2023-04-04 09:45:00,2.95,1001.0,United Kingdom
536004,NATURAL SLATE CHALKBOARD LARGE,18,2023-04-04 09:45:00,4.95,1001.0,United Kingdom
536004,DOORMAT AIRMAIL,17,2023-04-04 09:45:00,7.95,1001.0,United Kingdom
536005,PAPER CHAIN KIT 50'S CHRISTMAS,4,2023-04-30 09:45:00,2.95,1001.0,United Kingdom
536005,JUMBO BAG RED RETROSPOT,7,2023-04-30 09:45:00,2.08,1001.0,United Kingdom
536005,WOODEN PICTURE FRAME WHITE FINISH,17,2023-04-30 09:45:00,2.55,1001.0,United Kingdom
536005,DOORMAT AIRMAIL,11,2023-04-30 09:45:00,7.95,1001.0,United Kingdom
536005,ALARM CLOCK BAKELIKE GREEN,9,2023-04-30 09:45:00,3.75,1001.0,United Kingdom
536005,PARTY BUNTING,20,2023-04-30 09:45:00,4.95,1001.0,United Kingdom
536005,REGENCY CAKESTAND 3 TIER,18,2023-04-30 09:45:00,12.75,1001.0,United Kingdom
536005,ASSORTED COLOUR BIRD ORNAMENT,5,2023-04-30 09:45:00,1.69,1001.0,United Kingdom
536006,NATURAL SLATE CHALKBOARD LARGE,21,2023-05-25 09:45:00,4.95,1001.0,United Kingdom
536006,PARTY BUNTING,23,2023-05-25 09:45:00,4.95,1001.0,United Kingdom
536006,WOODEN STAR CHRISTMAS DECORATION,14,2023-05-25 09:45:00,0.85,1001.0,United Kingdom
536006,LUNCH BAG RED RETROSPOT,18,2023-05-25 09:45:00,1.65,1001.0,United Kingdom
536006,ALARM CLOCK BAKELIKE GREEN,23,2023-05-25 09:45:00,3.75,1001.0,United Kingdom
536006,ASSORTED COLOUR BIRD ORNAMENT,20,2023-05-25 09:45:00,1.69,1001.0,United Kingdom
536006,HEART OF WICKER SMALL,17,2023-05-25 09:45:00,1.65,1001.0,United Kingdom
536007,WOODEN STAR CHRISTMAS DECORATION,24,2023-06-23 09:45:00,0.85,1001.0,United Kingdom
536007,SET OF 3 CAKE TINS PANTRY DESIGN,12,2023-06-23 09:45:00,4.95,1001.0,United Kingdom
536007,DOORMAT AIRMAIL,20,2023-06-23 09:45:00,7.95,1001.0,United Kingdom
536007,HAND WARMER OWL DESIGN,19,2023-06-23 09:45:00,2.1,1001.0,United Kingdom
536007,HEART OF WICKER SMALL,24,2023-06-23 09:45:00,1.65,1001.0,United Kingdom
536007,WOODEN PICTURE FRAME WHITE FINISH,11,2023-06-23 09:45:00,2.55,1001.0,United Kingdom
536007,PARTY BUNTING,12,2023-06-23 09:45:00,4.95,1001.0,United Kingdom
536008,REGENCY CAKESTAND 3 TIER,21,2023-07-23 09:45:00,12.75,1001.0,United Kingdom
536008,VINTAGE SNAP CARDS,6,2023-07-23 09:45:00,0.85,1001.0,United Kingdom
536008,NATURAL SLATE CHALKBOARD LARGE,8,2023-07-23 09:45:00,4.95,1001.0,United Kingdom
536008,HEART OF WICKER SMALL,8,2023-07-23 09:45:00,1.65,1001.0,United Kingdom
536008,ASSORTED COLOUR BIRD ORNAMENT,11,2023-07-23 09:45:00,1.69,1001.0,United Kingdom
536008,SET OF 3 CAKE TINS PANTRY DESIGN,16,2023-07-23 09:45:00,4.95,1001.0,United Kingdom
536009,LUNCH BAG RED RETROSPOT,17,2023-08-20 09:45:00,1.65,1001.0,United Kingdom
536009,JUMBO BAG RED RETROSPOT,5,2023-08-20 09:45:00,2.08,1001.0,United Kingdom
536009,REGENCY CAKESTAND 3 TIER,10,2023-08-20 09:45:00,12.75,1001.0,United Kingdom
536009,RED RETROSPOT CHARLOTTE BAG,17,2023-08-20 09:45:00,0.85,1001.0,United Kingdom
536009,ALARM CLOCK BAKELIKE RED,16,2023-08-20 09:45:00,3.75,1001.0,United Kingdom
536009,SET OF 3 CAKE TINS PANTRY DESIGN,22,2023-08-20 09:45:00,4.95,1001.0,United Kingdom
536009,HEART OF WICKER SMALL,4,2023-08-20 09:45:00,1.65,1001.0,United Kingdom
536009,NATURAL SLATE CHALKBOARD LARGE,22,2023-08-20 09:45:00,4.95,1001.0,United Kingdom
536010,DOORMAT AIRMAIL,17,2023-09-14 09:45:00,7.95,1001.0,United Kingdom
536010,POSTAGE,21,2023-09-14 09:45:00,3.75,1001.0,United Kingdom
536010,PACK OF 72 RETROSPOT CAKE CASES,21,2023-09-14 09:45:00,0.55,1001.0,United Kingdom
536010,VINTAGE SNAP CARDS,23,2023-09-14 09:45:00,0.85,1001.0,United Kingdom
536010,WOODEN PICTURE FRAME WHITE FINISH,11,2023-09-14 09:45:00,2.55,1001.0,United Kingdom
536010,RED RETROSPOT CHARLOTTE BAG,19,2023-09-14 09:45:00,0.85,1001.0,United Kingdom
536011,HEART OF WICKER SMALL,16,2023-10-12 09:45:00,1.65,1001.0,United Kingdom
536011,RED RETROSPOT CHARLOTTE BAG,14,2023-10-12 09:45:00,0.85,1001.0,United Kingdom
536011,DOORMAT AIRMAIL,16,2023-10-12 09:45:00,7.95,1001.0,United Kingdom
536011,POSTAGE,9,2023-10-12 09:45:00,3.75,1001.0,United Kingdom
536012,LUNCH BAG RED RETROSPOT,24,2023-11-06 09:45:00,1.65,1001.0,United Kingdom
536012,ALARM CLOCK BAKELIKE GREEN,17,2023-11-06 09:45:00,3.75,1001.0,United Kingdom
536012,POSTAGE,8,2023-11-06 09:45:00,3.75,1001.0,United Kingdom
536012,WOODEN PICTURE FRAME WHITE FINISH,18,2023-11-06 09:45:00,2.55,1001.0,United Kingdom
536012,PAPER CHAIN KIT 50'S CHRISTMAS,9,2023-11-06 09:45:00,2.95,1001.0,United Kingdom
536012,WHITE HANGING HEART T-LIGHT HOLDER,5,2023-11-06 09:45:00,2.95,1001.0,United Kingdom
536013,NATURAL SLATE CHALKBOARD LARGE,10,2023-01-08 15:20:00,4.95,1002.0,United Kingdom
536013,REGENCY CAKESTAND 3 TIER,4,2023-01-08 15:20:00,12.75,1002.0,United Kingdom
536013,WHITE HANGING HEART T-LIGHT HOLDER,23,2023-01-08 15:20:00,2.95,1002.0,United Kingdom
536013,POSTAGE,8,2023-01-08 15:20:00,3.75,1002.0,United Kingdom
536013,HAND WARMER OWL DESIGN,11,2023-01-08 15:20:00,2.1,1002.0,United Kingdom
536014,DOORMAT AIRMAIL,12,2023-02-16 15:20:00,7.95,1002.0,United Kingdom
536014,PARTY BUNTING,15,2023-02-16 15:20:00,4.95,1002.0,United Kingdom
536014,JUMBO BAG RED RETROSPOT,9,2023-02-16 15:20:00,2.08,1002.0,United Kingdom
536014,WOODEN STAR CHRISTMAS DECORATION,23,2023-02-16 15:20:00,0.85,1002.0,United Kingdom
536015,PARTY BUNTING,22,2023-03-22 15:20:00,4.95,1002.0,United Kingdom
536015,SET OF 3 CAKE TINS PANTRY DESIGN,16,2023-03-22 15:20:00,4.95,1002.0,United Kingdom
536015,VINTAGE SNAP CARDS,16,2023-03-22 15:20:00,0.85,1002.0,United Kingdom
536015,HAND WARMER OWL DESIGN,10,2023-03-22 15:20:00,2.1,1002.0,United Kingdom
536015,POSTAGE,6,2023-03-22 15:20:00,3.75,1002.0,United Kingdom
536015,WOODEN STAR CHRISTMAS DECORATION,22,2023-03-22 15:20:00,0.85,1002.0,United Kingdom
536015,LUNCH BAG RED RETROSPOT,24,2023-03-22 15:20:00,1.65,1002.0,United Kingdom
536016,PARTY BUNTING,15,2023-04-30 15:20:00,4.95,1002.0,United Kingdom
536016,VINTAGE SNAP CARDS,21,2023-04-30 15:20:00,0.85,1002.0,United Kingdom
536016,HAND WARMER OWL DESIGN,17,2023-04-30 15:20:00,2.1,1002.0,United Kingdom
536016,WHITE HANGING HEART T-LIGHT HOLDER,15,2023-04-30 15:20:00,2.95,1002.0,United Kingdom
536017,ALARM CLOCK BAKELIKE RED,17,2023-06-06 15:20:00,3.75,1002.0,United Kingdom
536017,ASSORTED COLOUR BIRD ORNAMENT,19,2023-06-06 15:20:00,1.69,1002.0,United Kingdom
536017,POSTAGE,7,2023-06-06 15:20:00,3.75,1002.0,United Kingdom
536018,PACK OF 72 RETROSPOT CAKE CASES,20,2023-07-09 15:20:00,0.55,1002.0,United Kingdom
536018,WOODEN STAR CHRISTMAS DECORATION,24,2023-07-09 15:20:00,0.85,1002.0,United Kingdom
536018,LUNCH BAG RED RETROSPOT,12,2023-07-09 15:20:00,1.65,1002.0,United Kingdom
536018,RED RETROSPOT CHARLOTTE BAG,23,2023-07-09 15:20:00,0.85,1002.0,United Kingdom
536018,SET OF 3 CAKE TINS PANTRY DESIGN,21,2023-07-09 15:20:00,4.95,1002.0,United Kingdom
536018,HAND WARMER OWL DESIGN,19,2023-07-09 15:20:00,2.1,1002.0,United Kingdom
536019,RED RETROSPOT CHARLOTTE BAG,6,2023-08-13 15:20:00,0.85,1002.0,United Kingdom
536019,PAPER CHAIN KIT 50'S CHRISTMAS,12,2023-08-13 15:20:00,2.95,1002.0,United Kingdom
536019,HEART OF WICKER SMALL,18,2023-08-13 15:20:00,1.65,1002.0,United Kingdom
536019,ASSORTED COLOUR BIRD ORNAMENT,11,2023-08-13 15:20:00,1.69,1002.0,United Kingdom
536019,NATURAL SLATE CHALKBOARD LARGE,18,2023-08-13 15:20:00,4.95,1002.0,United Kingdom
536019,HAND WARMER OWL DESIGN,22,2023-08-13 15:20:00,2.1,1002.0,United Kingdom
536020,WOODEN PICTURE FRAME WHITE FINISH,10,2023-09-19 15:20:00,2.55,1002.0,United Kingdom
536020,ASSORTED COLOUR BIRD ORNAMENT,15,2023-09-19 15:20:00,1.69,1002.0,United Kingdom
536020,POSTAGE,12,2023-09-19 15:20:00,3.75,1002.0,United Kingdom
536020,DOORMAT AIRMAIL,14,2023-09-19 15:20:00,7.95,1002.0,United Kingdom
536020,PAPER CHAIN KIT 50'S CHRISTMAS,12,2023-09-19 15:20:00,2.95,1002.0,United Kingdom
536020,REGENCY CAKESTAND 3 TIER,23,2023-09-19 15:20:00,12.75,1002.0,United Kingdom
536020,NATURAL SLATE CHALKBOARD LARGE,12,2023-09-19 15:20:00,4.95,1002.0,United Kingdom
536021,POSTAGE,19,2023-10-28 15:20:00,3.75,1002.0,United Kingdom
536021,ALARM CLOCK BAKELIKE RED,21,2023-10-28 15:20:00,3.75,1002.0,United Kingdom
536021,JUMBO BAG RED RETROSPOT,11,2023-10-28 15:20:00,2.08,1002.0,United Kingdom
536021,REGENCY CAKESTAND 3 TIER,19,2023-10-28 15:20:00,12.75,1002.0,United Kingdom
536021,NATURAL SLATE CHALKBOARD LARGE,24,2023-10-28 15:20:00,4.95,1002.0,United Kingdom
536021,PACK OF 72 RETROSPOT CAKE CASES,19,2023-10-28 15:20:00,0.55,1002.0,United Kingdom
536021,ALARM CLOCK BAKELIKE GREEN,18,2023-10-28 15:20:00,3.75,1002.0,United Kingdom
536022,VINTAGE SNAP CARDS,14,2023-03-02 10:18:00,0.85,1003.0,United Kingdom
536022,HEART OF WICKER SMALL,7,2023-03-02 10:18:00,1.65,1003.0,United Kingdom
536022,NATURAL SLATE CHALKBOARD LARGE,21,2023-03-02 10:18:00,4.95,1003.0,United Kingdom
536022,PARTY BUNTING,9,2023-03-02 10:18:00,4.95,1003.0,United Kingdom
536022,JUMBO BAG RED RETROSPOT,10,2023-03-02 10:18:00,2.08,1003.0,United Kingdom
536023,DOORMAT AIRMAIL,7,2023-03-30 10:18:00,7.95,1003.0,United Kingdom
536023,HEART OF WICKER SMALL,10,2023-03-30 10:18:00,1.65,1003.0,United Kingdom
536023,ALARM CLOCK BAKELIKE RED,13,2023-03-30 10:18:00,3.75,1003.0,United Kingdom
536023,VINTAGE SNAP CARDS,11,2023-03-30 10:18:00,0.85,1003.0,United Kingdom
536024,SET OF 3 CAKE TINS PANTRY DESIGN,5,2023-05-02 10:18:00,4.95,1003.0,United Kingdom
536024,VINTAGE SNAP CARDS,5,2023-05-02 10:18:00,0.85,1003.0,United Kingdom
536024,POSTAGE,21,2023-05-02 10:18:00,3.75,1003.0,United Kingdom
536024,LUNCH BAG RED RETROSPOT,13,2023-05-02 10:18:00,1.65,1003.0,United Kingdom
536024,HEART OF WICKER SMALL,8,2023-05-02 10:18:00,1.65,1003.0,United Kingdom
536025,DOORMAT AIRMAIL,9,2023-06-01 10:18:00,7.95,1003.0,United Kingdom
536025,PARTY BUNTING,5,2023-06-01 10:18:00,4.95,1003.0,United Kingdom
536025,POSTAGE,12,2023-06-01 10:18:00,3.75,1003.0,United Kingdom
536025,VINTAGE SNAP CARDS,19,2023-06-01 10:18:00,0.85,1003.0,United Kingdom
536025,HAND WARMER OWL DESIGN,7,2023-06-01 10:18:00,2.1,1003.0,United Kingdom
536025,NATURAL SLATE CHALKBOARD LARGE,6,2023-06-01 10:18:00,4.95,1003.0,United Kingdom
536025,WOODEN STAR CHRISTMAS DECORATION,16,2023-06-01 10:18:00,0.85,1003.0,United Kingdom
536025,SET OF 3 CAKE TINS PANTRY DESIGN,19,2023-06-01 10:18:00,4.95,1003.0,United Kingdom
536026,PAPER CHAIN KIT 50'S CHRISTMAS,8,2023-07-02 10:18:00,2.95,1003.0,United Kingdom
536026,WHITE HANGING HEART T-LIGHT HOLDER,22,2023-07-02 10:18:00,2.95,1003.0,United Kingdom
536026,LUNCH BAG RED RETROSPOT,13,2023-07-02 10:18:00,1.65,1003.0,United Kingdom
536027,NATURAL SLATE CHALKBOARD LARGE,17,2023-08-01 10:18:00,4.95,1003.0,United Kingdom
536027,PARTY BUNTING,23,2023-08-01 10:18:00,4.95,1003.0,United Kingdom
536027,ALARM CLOCK BAKELIKE GREEN,23,2023-08-01 10:18:00,3.75,1003.0,United Kingdom
536028,NATURAL SLATE CHALKBOARD LARGE,22,2023-09-03 10:18:00,4.95,1003.0,United Kingdom
536028,ALARM CLOCK BAKELIKE RED,17,2023-09-03 10:18:00,3.75,1003.0,United Kingdom
536028,WOODEN PICTURE FRAME WHITE FINISH,13,2023-09-03 10:18:00,2.55,1003.0,United Kingdom
536028,WOODEN STAR CHRISTMAS DECORATION,22,2023-09-03 10:18:00,0.85,1003.0,United Kingdom
536028,PAPER CHAIN KIT 50'S CHRISTMAS,23,2023-09-03 10:18:00,2.95,1003.0,United Kingdom
536028,LUNCH BAG RED RETROSPOT,5,2023-09-03 10:18:00,1.65,1003.0,United Kingdom
536028,RED RETROSPOT CHARLOTTE BAG,23,2023-09-03 10:18:00,0.85,1003.0,United Kingdom
536029,PARTY BUNTING,21,2023-10-02 10:18:00,4.95,1003.0,United Kingdom
536029,JUMBO BAG RED RETROSPOT,6,2023-10-02 10:18:00,2.08,1003.0,United Kingdom
536029,PAPER CHAIN KIT 50'S CHRISTMAS,9,2023-10-02 10:18:00,2.95,1003.0,United Kingdom
536029,HEART OF WICKER SMALL,4,2023-10-02 10:18:00,1.65,1003.0,United Kingdom
536029,REGENCY CAKESTAND 3 TIER,17,2023-10-02 10:18:00,12.75,1003.0,United Kingdom
536029,DOORMAT AIRMAIL,18,2023-10-02 10:18:00,7.95,1003.0,United Kingdom
536029,HAND WARMER OWL DESIGN,23,2023-10-02 10:18:00,2.1,1003.0,United Kingdom
536029,WOODEN STAR CHRISTMAS DECORATION,19,2023-10-02 10:18:00,0.85,1003.0,United Kingdom
536030,WHITE HANGING HEART T-LIGHT HOLDER,6,2023-11-04 10:18:00,2.95,1003.0,United Kingdom
536030,NATURAL SLATE CHALKBOARD LARGE,11,2023-11-04 10:18:00,4.95,1003.0,United Kingdom
536030,VINTAGE SNAP CARDS,12,2023-11-04 10:18:00,0.85,1003.0,United Kingdom
536030,ALARM CLOCK BAKELIKE GREEN,24,2023-11-04 10:18:00,3.75,1003.0,United Kingdom
536030,WOODEN STAR CHRISTMAS DECORATION,22,2023-11-04 10:18:00,0.85,1003.0,United Kingdom
536031,WOODEN STAR CHRISTMAS DECORATION,12,2023-01-21 12:27:00,0.85,1004.0,United Kingdom
536031,PARTY BUNTING,20,2023-01-21 12:27:00,4.95,1004.0,United Kingdom
536031,HAND WARMER OWL DESIGN,21,2023-01-21 12:27:00,2.1,1004.0,United Kingdom
536031,VINTAGE SNAP CARDS,19,2023-01-21 12:27:00,0.85,1004.0,United Kingdom
536031,WOODEN PICTURE FRAME WHITE FINISH,18,2023-01-21 12:27:00,2.55,1004.0,United Kingdom
536032,HAND WARMER OWL DESIGN,14,2023-02-28 12:27:00,2.1,1004.0,United Kingdom
536032,WHITE HANGING HEART T-LIGHT HOLDER,23,2023-02-28 12:27:00,2.95,1004.0,United Kingdom
536032,RED RETROSPOT CHARLOTTE BAG,12,2023-02-28 12:27:00,0.85,1004.0,United Kingdom
536033,REGENCY CAKESTAND 3 TIER,12,2023-04-09 12:27:00,12.75,1004.0,United Kingdom
536033,NATURAL SLATE CHALKBOARD LARGE,22,2023-04-09 12:27:00,4.95,1004.0,United Kingdom
536033,POSTAGE,5,2023-04-09 12:27:00,3.75,1004.0,United Kingdom
536034,DOORMAT AIRMAIL,9,2023-05-17 12:27:00,7.95,1004.0,United Kingdom
536034,ALARM CLOCK BAKELIKE RED,22,2023-05-17 12:27:00,3.75,1004.0,United Kingdom
536034,WOODEN STAR CHRISTMAS DECORATION,17,2023-05-17 12:27:00,0.85,1004.0,United Kingdom
536034,HEART OF WICKER SMALL,24,2023-05-17 12:27:00,1.65,1004.0,United Kingdom
536035,REGENCY CAKESTAND 3 TIER,7,2023-06-25 12:27:00,12.75,1004.0,United Kingdom
536035,DOORMAT AIRMAIL,9,2023-06-25 12:27:00,7.95,1004.0,United Kingdom
536035,PACK OF 72 RETROSPOT CAKE CASES,14,2023-06-25 12:27:00,0.55,1004.0,United Kingdom
536035,RED RETROSPOT CHARLOTTE BAG,17,2023-06-25 12:27:00,0.85,1004.0,United Kingdom
536035,ASSORTED COLOUR BIRD ORNAMENT,19,2023-06-25 12:27:00,1.69,1004.0,United Kingdom
536035,SET OF 3 CAKE TINS PANTRY DESIGN,13,2023-06-25 12:27:00,4.95,1004.0,United Kingdom
536036,WOODEN PICTURE FRAME WHITE FINISH,7,2023-08-08 12:27:00,2.55,1004.0,United Kingdom
536036,ALARM CLOCK BAKELIKE GREEN,16,2023-08-08 12:27:00,3.75,1004.0,United Kingdom
536036,WHITE HANGING HEART T-LIGHT HOLDER,20,2023-08-08 12:27:00,2.95,1004.0,United Kingdom
536036,WOODEN STAR CHRISTMAS DECORATION,4,2023-08-08 12:27:00,0.85,1004.0,United Kingdom
536036,REGENCY CAKESTAND 3 TIER,21,2023-08-08 12:27:00,12.75,1004.0,United Kingdom
536036,SET OF 3 CAKE TINS PANTRY DESIGN,18,2023-08-08 12:27:00,4.95,1004.0,United Kingdom
536036,LUNCH BAG RED RETROSPOT,17,2023-08-08 12:27:00,1.65,1004.0,United Kingdom
536036,ALARM CLOCK BAKELIKE RED,5,2023-08-08 12:27:00,3.75,1004.0,United Kingdom
536037,ALARM CLOCK BAKELIKE RED,5,2023-09-15 12:27:00,3.75,1004.0,United Kingdom
536037,PACK OF 72 RETROSPOT CAKE CASES,10,2023-09-15 12:27:00,0.55,1004.0,United Kingdom
536037,DOORMAT AIRMAIL,12,2023-09-15 12:27:00,7.95,1004.0,United Kingdom
536037,WOODEN STAR CHRISTMAS DECORATION,21,2023-09-15 12:27:00,0.85,1004.0,United Kingdom
536038,VINTAGE SNAP CARDS,4,2023-10-25 12:27:00,0.85,1004.0,United Kingdom
536038,WOODEN STAR CHRISTMAS DECORATION,24,2023-10-25 12:27:00,0.85,1004.0,United Kingdom
536038,DOORMAT AIRMAIL,23,2023-10-25 12:27:00,7.95,1004.0,United Kingdom
536038,PARTY BUNTING,11,2023-10-25 12:27:00,4.95,1004.0,United Kingdom
536039,ALARM CLOCK BAKELIKE RED,20,2023-01-23 11:19:00,3.75,1005.0,United Kingdom
536039,LUNCH BAG RED RETROSPOT,12,2023-01-23 11:19:00,1.65,1005.0,United Kingdom
536039,REGENCY CAKESTAND 3 TIER,4,2023-01-23 11:19:00,12.75,1005.0,United Kingdom
536039,HEART OF WICKER SMALL,13,2023-01-23 11:19:00,1.65,1005.0,United Kingdom
536039,RED RETROSPOT CHARLOTTE BAG,13,2023-01-23 11:19:00,0.85,1005.0,United Kingdom
536039,SET OF 3 CAKE TINS PANTRY DESIGN,22,2023-01-23 11:19:00,4.95,1005.0,United Kingdom
536039,WOODEN PICTURE FRAME WHITE FINISH,22,2023-01-23 11:19:00,2.55,1005.0,United Kingdom
536040,DOORMAT AIRMAIL,21,2023-02-09 11:19:00,7.95,1005.0,United Kingdom
536040,LUNCH BAG RED RETROSPOT,16,2023-02-09 11:19:00,1.65,1005.0,United Kingdom
536040,WOODEN STAR CHRISTMAS DECORATION,18,2023-02-09 11:19:00,0.85,1005.0,United Kingdom
536040,HAND WARMER OWL DESIGN,14,2023-02-09 11:19:00,2.1,1005.0,United Kingdom
536040,PACK OF 72 RETROSPOT CAKE CASES,10,2023-02-09 11:19:00,0.55,1005.0,United Kingdom
536040,SET OF 3 CAKE TINS PANTRY DESIGN,11,2023-02-09 11:19:00,4.95,1005.0,United Kingdom
536040,HEART OF WICKER SMALL,22,2023-02-09 11:19:00,1.65,1005.0,United Kingdom
536040,WOODEN PICTURE FRAME WHITE FINISH,16,2023-02-09 11:19:00,2.55,1005.0,United Kingdom
536041,RED RETROSPOT CHARLOTTE BAG,16,2023-03-06 11:19:00,0.85,1005.0,United Kingdom
536041,WHITE HANGING HEART T-LIGHT HOLDER,16,2023-03-06 11:19:00,2.95,1005.0,United Kingdom
536041,ASSORTED COLOUR BIRD ORNAMENT,24,2023-03-06 11:19:00,1.69,1005.0,United Kingdom
536041,DOORMAT AIRMAIL,8,2023-03-06 11:19:00,7.95,1005.0,United Kingdom
536042,WHITE HANGING HEART T-LIGHT HOLDER,18,2023-03-26 11:19:00,2.95,1005.0,United Kingdom
536042,LUNCH BAG RED RETROSPOT,7,2023-03-26 11:19:00,1.65,1005.0,United Kingdom
536042,ALARM CLOCK BAKELIKE RED,20,2023-03-26 11:19:00,3.75,1005.0,United Kingdom
536042,ASSORTED COLOUR BIRD ORNAMENT,18,2023-03-26 11:19:00,1.69,1005.0,United Kingdom
536042,PARTY BUNTING,4,2023-03-26 11:19:00,4.95,1005.0,United Kingdom
536042,RED RETROSPOT CHARLOTTE BAG,8,2023-03-26 11:19:00,0.85,1005.0,United Kingdom
536043,LUNCH BAG RED RETROSPOT,16,2023-04-12 11:19:00,1.65,1005.0,United Kingdom
536043,REGENCY CAKESTAND 3 TIER,24,2023-04-12 11:19:00,12.75,1005.0,United Kingdom
536043,DOORMAT AIRMAIL,6,2023-04-12 11:19:00,7.95,1005.0,United Kingdom
536043,HEART OF WICKER SMALL,14,2023-04-12 11:19:00,1.65,1005.0,United Kingdom
536043,ASSORTED COLOUR BIRD ORNAMENT,21,2023-04-12 11:19:00,1.69,1005.0,United Kingdom
536043,VINTAGE SNAP CARDS,16,2023-04-12 11:19:00,0.85,1005.0,United Kingdom
536044,DOORMAT AIRMAIL,24,2023-04-30 11:19:00,7.95,1005.0,United Kingdom
536044,ALARM CLOCK BAKELIKE GREEN,13,2023-04-30 11:19:00,3.75,1005.0,United Kingdom
536044,WHITE HANGING HEART T-LIGHT HOLDER,11,2023-04-30 11:19:00,2.95,1005.0,United Kingdom
536044,REGENCY CAKESTAND 3 TIER,6,2023-04-30 11:19:00,12.75,1005.0,United Kingdom
536044,NATURAL SLATE CHALKBOARD LARGE,17,2023-04-30 11:19:00,4.95,1005.0,United Kingdom
536045,PARTY BUNTING,13,2023-05-24 11:19:00,4.95,1005.0,United Kingdom
536045,WOODEN STAR CHRISTMAS DECORATION,4,2023-05-24 11:19:00,0.85,1005.0,United Kingdom
536045,SET OF 3 CAKE TINS PANTRY DESIGN,5,2023-05-24 11:19:00,4.95,1005.0,United Kingdom
536046,WHITE HANGING HEART T-LIGHT HOLDER,8,2023-06-11 11:19:00,2.95,1005.0,United Kingdom
536046,VINTAGE SNAP CARDS,11,2023-06-11 11:19:00,0.85,1005.0,United Kingdom
536046,PACK OF 72 RETROSPOT CAKE CASES,20,2023-06-11 11:19:00,0.55,1005.0,United Kingdom
536046,ALARM CLOCK BAKELIKE GREEN,17,2023-06-11 11:19:00,3.75,1005.0,United Kingdom
536046,RED RETROSPOT CHARLOTTE BAG,22,2023-06-11 11:19:00,0.85,1005.0,United Kingdom
536047,SET OF 3 CAKE TINS PANTRY DESIGN,19,2023-07-02 11:19:00,4.95,1005.0,United Kingdom
536047,HAND WARMER OWL DESIGN,22,2023-07-02 11:19:00,2.1,1005.0,United Kingdom
536047,PAPER CHAIN KIT 50'S CHRISTMAS,8,2023-07-02 11:19:00,2.95,1005.0,United Kingdom
536047,REGENCY CAKESTAND 3 TIER,11,2023-07-02 11:19:00,12.75,1005.0,United Kingdom
536047,WOODEN PICTURE FRAME WHITE FINISH,18,2023-07-02 11:19:00,2.55,1005.0,United Kingdom
536047,VINTAGE SNAP CARDS,24,2023-07-02 11:19:00,0.85,1005.0,United Kingdom
536047,ASSORTED COLOUR BIRD ORNAMENT,12,2023-07-02 11:19:00,1.69,1005.0,United Kingdom
536047,PARTY BUNTING,18,2023-07-02 11:19:00,4.95,1005.0,United Kingdom
536048,POSTAGE,18,2023-07-21 11:19:00,3.75,1005.0,United Kingdom
536048,WOODEN STAR CHRISTMAS DECORATION,15,2023-07-21 11:19:00,0.85,1005.0,United Kingdom
536048,VINTAGE SNAP CARDS,22,2023-07-21 11:19:00,0.85,1005.0,United Kingdom
536048,SET OF 3 CAKE TINS PANTRY DESIGN,13,2023-07-21 11:19:00,4.95,1005.0,United Kingdom
536048,REGENCY CAKESTAND 3 TIER,24,2023-07-21 11:19:00,12.75,1005.0,United Kingdom
536049,HEART OF WICKER SMALL,19,2023-08-09 11:19:00,1.65,1005.0,United Kingdom
536049,WOODEN STAR CHRISTMAS DECORATION,7,2023-08-09 11:19:00,0.85,1005.0,United Kingdom
536049,VINTAGE SNAP CARDS,11,2023-08-09 11:19:00,0.85,1005.0,United Kingdom
536049,JUMBO BAG RED RETROSPOT,16,2023-08-09 11:19:00,2.08,1005.0,United Kingdom
536049,WOODEN PICTURE FRAME WHITE FINISH,22,2023-08-09 11:19:00,2.55,1005.0,United Kingdom
536049,RED RETROSPOT CHARLOTTE BAG,15,2023-08-09 11:19:00,0.85,1005.0,United Kingdom
536050,VINTAGE SNAP CARDS,5,2023-09-01 11:19:00,0.85,1005.0,United Kingdom
536050,HAND WARMER OWL DESIGN,23,2023-09-01 11:19:00,2.1,1005.0,United Kingdom
536050,POSTAGE,19,2023-09-01 11:19:00,3.75,1005.0,United Kingdom
536050,WOODEN PICTURE FRAME WHITE FINISH,13,2023-09-01 11:19:00,2.55,1005.0,United Kingdom
536050,HEART OF WICKER SMALL,11,2023-09-01 11:19:00,1.65,1005.0,United Kingdom
536050,ALARM CLOCK BAKELIKE GREEN,23,2023-09-01 11:19:00,3.75,1005.0,United Kingdom
536050,PAPER CHAIN KIT 50'S CHRISTMAS,15,2023-09-01 11:19:00,2.95,1005.0,United Kingdom
536051,JUMBO BAG RED RETROSPOT,24,2023-09-22 11:19:00,2.08,1005.0,United Kingdom
536051,HEART OF WICKER SMALL,24,2023-09-22 11:19:00,1.65,1005.0,United Kingdom
536051,LUNCH BAG RED RETROSPOT,5,2023-09-22 11:19:00,1.65,1005.0,United Kingdom
536051,PARTY BUNTING,13,2023-09-22 11:19:00,4.95,1005.0,United Kingdom
536052,WHITE HANGING HEART T-LIGHT HOLDER,13,2023-10-07 11:19:00,2.95,1005.0,United Kingdom
536052,PAPER CHAIN KIT 50'S CHRISTMAS,14,2023-10-07 11:19:00,2.95,1005.0,United Kingdom
536052,PACK OF 72 RETROSPOT CAKE CASES,17,2023-10-07 11:19:00,0.55,1005.0,United Kingdom
536052,LUNCH BAG RED RETROSPOT,9,2023-10-07 11:19:00,1.65,1005.0,United Kingdom
536052,REGENCY CAKESTAND 3 TIER,10,2023-10-07 11:19:00,12.75,1005.0,United Kingdom
536052,WOODEN STAR CHRISTMAS DECORATION,8,2023-10-07 11:19:00,0.85,1005.0,United Kingdom
536053,PACK OF 72 RETROSPOT CAKE CASES,19,2023-10-29 11:19:00,0.55,1005.0,United Kingdom
536053,ALARM CLOCK BAKELIKE RED,13,2023-10-29 11:19:00,3.75,1005.0,United Kingdom
536053,PAPER CHAIN KIT 50'S CHRISTMAS,14,2023-10-29 11:19:00,2.95,1005.0,United Kingdom
536053,HEART OF WICKER SMALL,7,2023-10-29 11:19:00,1.65,1005.0,United Kingdom
536053,SET OF 3 CAKE TINS PANTRY DESIGN,18,2023-10-29 11:19:00,4.95,1005.0,United Kingdom
536053,LUNCH BAG RED RETROSPOT,6,2023-10-29 11:19:00,1.65,1005.0,United Kingdom
536053,RED RETROSPOT CHARLOTTE BAG,8,2023-10-29 11:19:00,0.85,1005.0,United Kingdom
536054,WOODEN PICTURE FRAME WHITE FINISH,16,2023-11-17 11:19:00,2.55,1005.0,United Kingdom
536054,ALARM CLOCK BAKELIKE GREEN,4,2023-11-17 11:19:00,3.75,1005.0,United Kingdom
536054,PACK OF 72 RETROSPOT CAKE CASES,12,2023-11-17 11:19:00,0.55,1005.0,United Kingdom
536054,REGENCY CAKESTAND 3 TIER,21,2023-11-17 11:19:00,12.75,1005.0,United Kingdom
536055,VINTAGE SNAP CARDS,13,2023-03-04 16:23:00,0.85,1006.0,United Kingdom
536055,RED RETROSPOT CHARLOTTE BAG,19,2023-03-04 16:23:00,0.85,1006.0,United Kingdom
536055,PARTY BUNTING,7,2023-03-04 16:23:00,4.95,1006.0,United Kingdom
536055,LUNCH BAG RED RETROSPOT,7,2023-03-04 16:23:00,1.65,1006.0,United Kingdom
536055,WHITE HANGING HEART T-LIGHT HOLDER,11,2023-03-04 16:23:00,2.95,1006.0,United Kingdom
536055,POSTAGE,21,2023-03-04 16:23:00,3.75,1006.0,United Kingdom
536056,WOODEN PICTURE FRAME WHITE FINISH,22,2023-03-31 16:23:00,2.55,1006.0,United Kingdom
536056,WOODEN STAR CHRISTMAS DECORATION,8,2023-03-31 16:23:00,0.85,1006.0,United Kingdom
536056,PACK OF 72 RETROSPOT CAKE CASES,17,2023-03-31 16:23:00,0.55,1006.0,United Kingdom
536056,RED RETROSPOT CHARLOTTE BAG,24,2023-03-31 16:23:00,0.85,1006.0,United Kingdom
536057,DOORMAT AIRMAIL,5,2023-04-26 16:23:00,7.95,1006.0,United Kingdom
536057,RED RETROSPOT CHARLOTTE BAG,15,2023-04-26 16:23:00,0.85,1006.0,United Kingdom
536057,HEART OF WICKER SMALL,10,2023-04-26 16:23:00,1.65,1006.0,United Kingdom
536058,WOODEN STAR CHRISTMAS DECORATION,24,2023-05-17 16:23:00,0.85,1006.0,United Kingdom
536058,NATURAL SLATE CHALKBOARD LARGE,15,2023-05-17 16:23:00,4.95,1006.0,United Kingdom
536058,PACK OF 72 RETROSPOT CAKE CASES,5,2023-05-17 16:23:00,0.55,1006.0,United Kingdom
536058,PARTY BUNTING,16,2023-05-17 16:23:00,4.95,1006.0,United Kingdom
536058,ALARM CLOCK BAKELIKE GREEN,12,2023-05-17 16:23:00,3.75,1006.0,United Kingdom
536058,HEART OF WICKER SMALL,10,2023-05-17 16:23:00,1.65,1006.0,United Kingdom
536059,WOODEN STAR CHRISTMAS DECORATION,24,2023-06-12 16:23:00,0.85,1006.0,United Kingdom
536059,REGENCY CAKESTAND 3 TIER,24,2023-06-12 16:23:00,12.75,1006.0,United Kingdom
536059,JUMBO BAG RED RETROSPOT,23,2023-06-12 16:23:00,2.08,1006.0,United Kingdom
536060,WHITE HANGING HEART T-LIGHT HOLDER,8,2023-07-06 16:23:00,2.95,1006.0,United Kingdom
536060,ASSORTED COLOUR BIRD ORNAMENT,22,2023-07-06 16:23:00,1.69,1006.0,United Kingdom
536060,NATURAL SLATE CHALKBOARD LARGE,10,2023-07-06 16:23:00,4.95,1006.0,United Kingdom
536061,ALARM CLOCK BAKELIKE GREEN,11,2023-08-06 16:23:00,3.75,1006.0,United Kingdom
536061,JUMBO BAG RED RETROSPOT,14,2023-08-06 16:23:00,2.08,1006.0,United Kingdom
536061,PAPER CHAIN KIT 50'S CHRISTMAS,8,2023-08-06 16:23:00,2.95,1006.0,United Kingdom
536062,POSTAGE,7,2023-08-30 16:23:00,3.75,1006.0,United Kingdom
536062,HEART OF WICKER SMALL,4,2023-08-30 16:23:00,1.65,1006.0,United Kingdom
536062,LUNCH BAG RED RETROSPOT,8,2023-08-30 16:23:00,1.65,1006.0,United Kingdom
536062,ALARM CLOCK BAKELIKE GREEN,4,2023-08-30 16:23:00,3.75,1006.0,United Kingdom
536062,PAPER CHAIN KIT 50'S CHRISTMAS,15,2023-08-30 16:23:00,2.95,1006.0,United Kingdom
536062,WOODEN PICTURE FRAME WHITE FINISH,11,2023-08-30 16:23:00,2.55,1006.0,United Kingdom
536062,REGENCY CAKESTAND 3 TIER,22,2023-08-30 16:23:00,12.75,1006.0,United Kingdom
536063,POSTAGE,17,2023-09-26 16:23:00,3.75,1006.0,United Kingdom
536063,SET OF 3 CAKE TINS PANTRY DESIGN,20,2023-09-26 16:23:00,4.95,1006.0,United Kingdom
536063,HEART OF WICKER SMALL,7,2023-09-26 16:23:00,1.65,1006.0,United Kingdom
536063,WHITE HANGING HEART T-LIGHT HOLDER,6,2023-09-26 16:23:00,2.95,1006.0,United Kingdom
536063,LUNCH BAG RED RETROSPOT,19,2023-09-26 16:23:00,1.65,1006.0,United Kingdom
536064,PACK OF 72 RETROSPOT CAKE CASES,5,2023-10-18 16:23:00,0.55,1006.0,United Kingdom
536064,ALARM CLOCK BAKELIKE RED,20,2023-10-18 16:23:00,3.75,1006.0,United Kingdom
536064,PARTY BUNTING,13,2023-10-18 16:23:00,4.95,1006.0,United Kingdom
536064,WOODEN STAR CHRISTMAS DECORATION,18,2023-10-18 16:23:00,0.85,1006.0,United Kingdom
536064,NATURAL SLATE CHALKBOARD LARGE,24,2023-10-18 16:23:00,4.95,1006.0,United Kingdom
536064,VINTAGE SNAP CARDS,4,2023-10-18 16:23:00,0.85,1006.0,United Kingdom
536065,DOORMAT AIRMAIL,7,2023-11-11 16:23:00,7.95,1006.0,United Kingdom
536065,WOODEN PICTURE FRAME WHITE FINISH,19,2023-11-11 16:23:00,2.55,1006.0,United Kingdom
536065,RED RETROSPOT CHARLOTTE BAG,18,2023-11-11 16:23:00,0.85,1006.0,United Kingdom
536066,NATURAL SLATE CHALKBOARD LARGE,7,2023-03-01 10:20:00,4.95,1007.0,United Kingdom
536066,RED RETROSPOT CHARLOTTE BAG,14,2023-03-01 10:20:00,0.85,1007.0,United Kingdom
536066,ASSORTED COLOUR BIRD ORNAMENT,17,2023-03-01 10:20:00,1.69,1007.0,United Kingdom
536066,WOODEN STAR CHRISTMAS DECORATION,14,2023-03-01 10:20:00,0.85,1007.0,United Kingdom
536066,WOODEN PICTURE FRAME WHITE FINISH,12,2023-03-01 10:20:00,2.55,1007.0,United Kingdom
536066,JUMBO BAG RED RETROSPOT,15,2023-03-01 10:20:00,2.08,1007.0,United Kingdom
536067,DOORMAT AIRMAIL,6,2023-03-19 10:20:00,7.95,1007.0,United Kingdom
536067,REGENCY CAKESTAND 3 TIER,17,2023-03-19 10:20:00,12.75,1007.0,United Kingdom
536067,PAPER CHAIN KIT 50'S CHRISTMAS,7,2023-03-19 10:20:00,2.95,1007.0,United Kingdom
536067,ALARM CLOCK BAKELIKE GREEN,15,2023-03-19 10:20:00,3.75,1007.0,United Kingdom
536068,ALARM CLOCK BAKELIKE GREEN,7,2023-04-08 10:20:00,3.75,1007.0,United Kingdom
536068,WHITE HANGING HEART T-LIGHT HOLDER,17,2023-04-08 10:20:00,2.95,1007.0,United Kingdom
536068,HAND WARMER OWL DESIGN,15,2023-04-08 10:20:00,2.1,1007.0,United Kingdom
536068,ASSORTED COLOUR BIRD ORNAMENT,17,2023-04-08 10:20:00,1.69,1007.0,United Kingdom
536069,WHITE HANGING HEART T-LIGHT HOLDER,8,2023-04-25 10:20:00,2.95,1007.0,United Kingdom
536069,VINTAGE SNAP CARDS,19,2023-04-25 10:20:00,0.85,1007.0,United Kingdom
536069,PAPER CHAIN KIT 50'S CHRISTMAS,11,2023-04-25 10:20:00,2.95,1007.0,United Kingdom
536069,PACK OF 72 RETROSPOT CAKE CASES,7,2023-04-25 10:20:00,0.55,1007.0,United Kingdom
536069,PARTY BUNTING,15,2023-04-25 10:20:00,4.95,1007.0,United Kingdom
536069,ALARM CLOCK BAKELIKE GREEN,21,2023-04-25 10:20:00,3.75,1007.0,United Kingdom
536069,HEART OF WICKER SMALL,15,2023-04-25 10:20:00,1.65,1007.0,United Kingdom
536069,DOORMAT AIRMAIL,7,2023-04-25 10:20:00,7.95,1007.0,United Kingdom
536070,PAPER CHAIN KIT 50'S CHRISTMAS,4,2023-05-11 10:20:00,2.95,1007.0,United Kingdom
536070,NATURAL SLATE CHALKBOARD LARGE,9,2023-05-11 10:20:00,4.95,1007.0,United Kingdom
536070,RED RETROSPOT CHARLOTTE BAG,12,2023-05-11 10:20:00,0.85,1007.0,United Kingdom
536070,POSTAGE,13,2023-05-11 10:20:00,3.75,1007.0,United Kingdom
536070,HEART OF WICKER SMALL,14,2023-05-11 10:20:00,1.65,1007.0,United Kingdom
536071,POSTAGE,8,2023-06-02 10:20:00,3.75,1007.0,United Kingdom
536071,SET OF 3 CAKE TINS PANTRY DESIGN,24,2023-06-02 10:20:00,4.95,1007.0,United Kingdom
536071,LUNCH BAG RED RETROSPOT,4,2023-06-02 10:20:00,1.65,1007.0,United Kingdom
536071,WOODEN PICTURE FRAME WHITE FINISH,6,2023-06-02 10:20:00,2.55,1007.0,United Kingdom
536071,REGENCY CAKESTAND 3 TIER,20,2023-06-02 10:20:00,12.75,1007.0,United Kingdom
536072,WOODEN PICTURE FRAME WHITE FINISH,9,2023-06-16 10:20:00,2.55,1007.0,United Kingdom
536072,RED RETROSPOT CHARLOTTE BAG,15,2023-06-16 10:20:00,0.85,1007.0,United Kingdom
536072,WOODEN STAR CHRISTMAS DECORATION,13,2023-06-16 10:20:00,0.85,1007.0,United Kingdom
536072,ASSORTED COLOUR BIRD ORNAMENT,14,2023-06-16 10:20:00,1.69,1007.0,United Kingdom
536073,HAND WARMER OWL DESIGN,5,2023-07-04 10:20:00,2.1,1007.0,United Kingdom
536073,REGENCY CAKESTAND 3 TIER,6,2023-07-04 10:20:00,12.75,1007.0,United Kingdom
536073,WHITE HANGING HEART T-LIGHT HOLDER,12,2023-07-04 10:20:00,2.95,1007.0,United Kingdom
536073,LUNCH BAG RED RETROSPOT,18,2023-07-04 10:20:00,1.65,1007.0,United Kingdom
536073,SET OF 3 CAKE TINS PANTRY DESIGN,17,2023-07-04 10:20:00,4.95,1007.0,United Kingdom
536073,WOODEN PICTURE FRAME WHITE FINISH,19,2023-07-04 10:20:00,2.55,1007.0,United Kingdom
536073,VINTAGE SNAP CARDS,23,2023-07-04 10:20:00,0.85,1007.0,United Kingdom
536074,RED RETROSPOT CHARLOTTE BAG,17,2023-07-22 10:20:00,0.85,1007.0,United Kingdom
536074,HEART OF WICKER SMALL,7,2023-07-22 10:20:00,1.65,1007.0,United Kingdom
536074,JUMBO BAG RED RETROSPOT,13,2023-07-22 10:20:00,2.08,1007.0,United Kingdom
536074,ALARM CLOCK BAKELIKE RED,22,2023-07-22 10:20:00,3.75,1007.0,United Kingdom
536074,PARTY BUNTING,19,2023-07-22 10:20:00,4.95,1007.0,United Kingdom
536074,SET OF 3 CAKE TINS PANTRY DESIGN,20,2023-07-22 10:20:00,4.95,1007.0,United Kingdom
536075,VINTAGE SNAP CARDS,10,2023-08-06 10:20:00,0.85,1007.0,United Kingdom
536075,WHITE HANGING HEART T-LIGHT HOLDER,8,2023-08-06 10:20:00,2.95,1007.0,United Kingdom
536075,NATURAL SLATE CHALKBOARD LARGE,12,2023-08-06 10:20:00,4.95,1007.0,United Kingdom
536075,WOODEN PICTURE FRAME WHITE FINISH,13,2023-08-06 10:20:00,2.55,1007.0,United Kingdom
536075,PAPER CHAIN KIT 50'S CHRISTMAS,14,2023-08-06 10:20:00,2.95,1007.0,United Kingdom
536075,POSTAGE,7,2023-08-06 10:20:00,3.75,1007.0,United Kingdom
536075,PARTY BUNTING,4,2023-08-06 10:20:00,4.95,1007.0,United Kingdom
536075,LUNCH BAG RED RETROSPOT,19,2023-08-06 10:20:00,1.65,1007.0,United Kingdom
536076,RED RETROSPOT CHARLOTTE BAG,15,2023-08-27 10:20:00,0.85,1007.0,United Kingdom
536076,SET OF 3 CAKE TINS PANTRY DESIGN,6,2023-08-27 10:20:00,4.95,1007.0,United Kingdom
536076,LUNCH BAG RED RETROSPOT,16,2023-08-27 10:20:00,1.65,1007.0,United Kingdom
536076,WOODEN PICTURE FRAME WHITE FINISH,5,2023-08-27 10:20:00,2.55,1007.0,United Kingdom
536076,NATURAL SLATE CHALKBOARD LARGE,17,2023-08-27 10:20:00,4.95,1007.0,United Kingdom
536076,HEART OF WICKER SMALL,4,2023-08-27 10:20:00,1.65,1007.0,United Kingdom
536076,WOODEN STAR CHRISTMAS DECORATION,18,2023-08-27 10:20:00,0.85,1007.0,United Kingdom
536076,ASSORTED COLOUR BIRD ORNAMENT,6,2023-08-27 10:20:00,1.69,1007.0,United Kingdom
536077,PAPER CHAIN KIT 50'S CHRISTMAS,7,2023-09-14 10:20:00,2.95,1007.0,United Kingdom
536077,RED RETROSPOT CHARLOTTE BAG,16,2023-09-14 10:20:00,0.85,1007.0,United Kingdom
536077,WOODEN PICTURE FRAME WHITE FINISH,4,2023-09-14 10:20:00,2.55,1007.0,United Kingdom
536077,HAND WARMER OWL DESIGN,14,2023-09-14 10:20:00,2.1,1007.0,United Kingdom
536077,VINTAGE SNAP CARDS,9,2023-09-14 10:20:00,0.85,1007.0,United Kingdom
536078,WOODEN STAR CHRISTMAS DECORATION,22,2023-10-01 10:20:00,0.85,1007.0,United Kingdom
536078,PACK OF 72 RETROSPOT CAKE CASES,16,2023-10-01 10:20:00,0.55,1007.0,United Kingdom
536078,REGENCY CAKESTAND 3 TIER,20,2023-10-01 10:20:00,12.75,1007.0,United Kingdom
536078,RED RETROSPOT CHARLOTTE BAG,6,2023-10-01 10:20:00,0.85,1007.0,United Kingdom
536078,PARTY BUNTING,16,2023-10-01 10:20:00,4.95,1007.0,United Kingdom
536078,DOORMAT AIRMAIL,13,2023-10-01 10:20:00,7.95,1007.0,United Kingdom
536078,JUMBO BAG RED RETROSPOT,14,2023-10-01 10:20:00,2.08,1007.0,United Kingdom
536079,ASSORTED COLOUR BIRD ORNAMENT,24,2023-10-19 10:20:00,1.69,1007.0,United Kingdom
536079,SET OF 3 CAKE TINS PANTRY DESIGN,7,2023-10-19 10:20:00,4.95,1007.0,United Kingdom
536079,REGENCY CAKESTAND 3 TIER,20,2023-10-19 10:20:00,12.75,1007.0,United Kingdom
536079,ALARM CLOCK BAKELIKE RED,20,2023-10-19 10:20:00,3.75,1007.0,United Kingdom
536080,PACK OF 72 RETROSPOT CAKE CASES,7,2023-11-06 10:20:00,0.55,1007.0,United Kingdom
536080,HAND WARMER OWL DESIGN,8,2023-11-06 10:20:00,2.1,1007.0,United Kingdom
536080,LUNCH BAG RED RETROSPOT,12,2023-11-06 10:20:00,1.65,1007.0,United Kingdom
536080,NATURAL SLATE CHALKBOARD LARGE,10,2023-11-06 10:20:00,4.95,1007.0,United Kingdom
536081,HAND WARMER OWL DESIGN,24,2023-11-20 10:20:00,2.1,1007.0,United Kingdom
536081,LUNCH BAG RED RETROSPOT,19,2023-11-20 10:20:00,1.65,1007.0,United Kingdom
536081,REGENCY CAKESTAND 3 TIER,18,2023-11-20 10:20:00,12.75,1007.0,United Kingdom
536081,SET OF 3 CAKE TINS PANTRY DESIGN,22,2023-11-20 10:20:00,4.95,1007.0,United Kingdom
536082,WOODEN STAR CHRISTMAS DECORATION,24,2023-02-25 16:43:00,0.85,1008.0,United Kingdom
536082,WHITE HANGING HEART T-LIGHT HOLDER,6,2023-02-25 16:43:00,2.95,1008.0,United Kingdom
536082,PAPER CHAIN KIT 50'S CHRISTMAS,23,2023-02-25 16:43:00,2.95,1008.0,United Kingdom
536082,PACK OF 72 RETROSPOT CAKE CASES,23,2023-02-25 16:43:00,0.55,1008.0,United Kingdom
536082,VINTAGE SNAP CARDS,20,2023-02-25 16:43:00,0.85,1008.0,United Kingdom
536082,ALARM CLOCK BAKELIKE GREEN,16,2023-02-25 16:43:00,3.75,1008.0,United Kingdom
536083,PAPER CHAIN KIT 50'S CHRISTMAS,23,2023-03-24 16:43:00,2.95,1008.0,United Kingdom
536083,ALARM CLOCK BAKELIKE GREEN,19,2023-03-24 16:43:00,3.75,1008.0,United Kingdom
536083,WHITE HANGING HEART T-LIGHT HOLDER,20,2023-03-24 16:43:00,2.95,1008.0,United Kingdom
536083,WOODEN STAR CHRISTMAS DECORATION,8,2023-03-24 16:43:00,0.85,1008.0,United Kingdom
536083,JUMBO BAG RED RETROSPOT,5,2023-03-24 16:43:00,2.08,1008.0,United Kingdom
536083,SET OF 3 CAKE TINS PANTRY DESIGN,18,2023-03-24 16:43:00,4.95,1008.0,United Kingdom
536084,ASSORTED COLOUR BIRD ORNAMENT,24,2023-04-13 16:43:00,1.69,1008.0,United Kingdom
536084,REGENCY CAKESTAND 3 TIER,9,2023-04-13 16:43:00,12.75,1008.0,United Kingdom
536084,ALARM CLOCK BAKELIKE RED,5,2023-04-13 16:43:00,3.75,1008.0,United Kingdom
536085,WOODEN STAR CHRISTMAS DECORATION,23,2023-05-12 16:43:00,0.85,1008.0,United Kingdom
536085,HAND WARMER OWL DESIGN,9,2023-05-12 16:43:00,2.1,1008.0,United Kingdom
536085,ALARM CLOCK BAKELIKE RED,15,2023-05-12 16:43:00,3.75,1008.0,United Kingdom
536085,ALARM CLOCK BAKELIKE GREEN,15,2023-05-12 16:43:00,3.75,1008.0,United Kingdom
536086,WOODEN PICTURE FRAME WHITE FINISH,6,2023-06-01 16:43:00,2.55,1008.0,United Kingdom
536086,RED RETROSPOT CHARLOTTE BAG,14,2023-06-01 16:43:00,0.85,1008.0,United Kingdom
536086,ASSORTED COLOUR BIRD ORNAMENT,7,2023-06-01 16:43:00,1.69,1008.0,United Kingdom
536086,WHITE HANGING HEART T-LIGHT HOLDER,21,2023-06-01 16:43:00,2.95,1008.0,United Kingdom
536086,ALARM CLOCK BAKELIKE GREEN,16,2023-06-01 16:43:00,3.75,1008.0,United Kingdom
536087,HEART OF WICKER SMALL,15,2023-06-26 16:43:00,1.65,1008.0,United Kingdom
536087,LUNCH BAG RED RETROSPOT,13,2023-06-26 16:43:00,1.65,1008.0,United Kingdom
536087,ASSORTED COLOUR BIRD ORNAMENT,24,2023-06-26 16:43:00,1.69,1008.0,United Kingdom
536087,REGENCY CAKESTAND 3 TIER,16,2023-06-26 16:43:00,12.75,1008.0,United Kingdom
536087,PAPER CHAIN KIT 50'S CHRISTMAS,8,2023-06-26 16:43:00,2.95,1008.0,United Kingdom
536088,REGENCY CAKESTAND 3 TIER,20,2023-07-21 16:43:00,12.75,1008.0,United Kingdom
536088,VINTAGE SNAP CARDS,6,2023-07-21 16:43:00,0.85,1008.0,United Kingdom
536088,ALARM CLOCK BAKELIKE GREEN,24,2023-07-21 16:43:00,3.75,1008.0,United Kingdom
536088,WOODEN PICTURE FRAME WHITE FINISH,17,2023-07-21 16:43:00,2.55,1008.0,United Kingdom
536088,ASSORTED COLOUR BIRD ORNAMENT,20,2023-07-21 16:43:00,1.69,1008.0,United Kingdom
536088,RED RETROSPOT CHARLOTTE BAG,15,2023-07-21 16:43:00,0.85,1008.0,United Kingdom
536088,HAND WARMER OWL DESIGN,4,2023-07-21 16:43:00,2.1,1008.0,United Kingdom
536089,VINTAGE SNAP CARDS,10,2023-08-15 16:43:00,0.85,1008.0,United Kingdom
536089,SET OF 3 CAKE TINS PANTRY DESIGN,11,2023-08-15 16:43:00,4.95,1008.0,United Kingdom
536089,JUMBO BAG RED RETROSPOT,8,2023-08-15 16:43:00,2.08,1008.0,United Kingdom
536089,ASSORTED COLOUR BIRD ORNAMENT,8,2023-08-15 16:43:00,1.69,1008.0,United Kingdom
536089,DOORMAT AIRMAIL,6,2023-08-15 16:43:00,7.95,1008.0,United Kingdom
536090,PARTY BUNTING,14,2023-09-10 16:43:00,4.95,1008.0,United Kingdom
536090,ALARM CLOCK BAKELIKE RED,23,2023-09-10 16:43:00,3.75,1008.0,United Kingdom
536090,ALARM CLOCK BAKELIKE GREEN,8,2023-09-10 16:43:00,3.75,1008.0,United Kingdom
536090,PAPER CHAIN KIT 50'S CHRISTMAS,23,2023-09-10 16:43:00,2.95,1008.0,United Kingdom
536090,WHITE HANGING HEART T-LIGHT HOLDER,16,2023-09-10 16:43:00,2.95,1008.0,United Kingdom
536091,SET OF 3 CAKE TINS PANTRY DESIGN,5,2023-10-03 16:43:00,4.95,1008.0,United Kingdom
536091,HAND WARMER OWL DESIGN,17,2023-10-03 16:43:00,2.1,1008.0,United Kingdom
536091,PAPER CHAIN KIT 50'S CHRISTMAS,15,2023-10-03 16:43:00,2.95,1008.0,United Kingdom
536091,WOODEN STAR CHRISTMAS DECORATION,11,2023-10-03 16:43:00,0.85,1008.0,United Kingdom
536092,HAND WARMER OWL DESIGN,19,2023-10-26 16:43:00,2.1,1008.0,United Kingdom
536092,VINTAGE SNAP CARDS,10,2023-10-26 16:43:00,0.85,1008.0,United Kingdom
536092,WOODEN STAR CHRISTMAS DECORATION,15,2023-10-26 16:43:00,0.85,1008.0,United Kingdom
536092,NATURAL SLATE CHALKBOARD LARGE,22,2023-10-26 16:43:00,4.95,1008.0,United Kingdom
536092,ALARM CLOCK BAKELIKE RED,18,2023-10-26 16:43:00,3.75,1008.0,United Kingdom
536092,LUNCH BAG RED RETROSPOT,18,2023-10-26 16:43:00,1.65,1008.0,United Kingdom
536093,WOODEN PICTURE FRAME WHITE FINISH,10,2023-11-18 16:43:00,2.55,1008.0,United Kingdom
536093,ALARM CLOCK BAKELIKE RED,23,2023-11-18 16:43:00,3.75,1008.0,United Kingdom
536093,PAPER CHAIN KIT 50'S CHRISTMAS,8,2023-11-18 16:43:00,2.95,1008.0,United Kingdom
536093,RED RETROSPOT CHARLOTTE BAG,12,2023-11-18 16:43:00,0.85,1008.0,United Kingdom
536093,SET OF 3 CAKE TINS PANTRY DESIGN,5,2023-11-18 16:43:00,4.95,1008.0,United Kingdom
536094,WOODEN STAR CHRISTMAS DECORATION,5,2023-01-23 16:55:00,0.85,1009.0,United Kingdom
536094,PACK OF 72 RETROSPOT CAKE CASES,16,2023-01-23 16:55:00,0.55,1009.0,United Kingdom
536094,POSTAGE,20,2023-01-23 16:55:00,3.75,1009.0,United Kingdom
536094,RED RETROSPOT CHARLOTTE BAG,15,2023-01-23 16:55:00,0.85,1009.0,United Kingdom
536095,WOODEN PICTURE FRAME WHITE FINISH,4,2023-02-23 16:55:00,2.55,1009.0,United Kingdom
536095,REGENCY CAKESTAND 3 TIER,14,2023-02-23 16:55:00,12.75,1009.0,United Kingdom
536095,PACK OF 72 RETROSPOT CAKE CASES,7,2023-02-23 16:55:00,0.55,1009.0,United Kingdom
536095,NATURAL SLATE CHALKBOARD LARGE,24,2023-02-23 16:55:00,4.95,1009.0,United Kingdom
536096,LUNCH BAG RED RETROSPOT,8,2023-03-25 16:55:00,1.65,1009.0,United Kingdom
536096,HAND WARMER OWL DESIGN,19,2023-03-25 16:55:00,2.1,1009.0,United Kingdom
536096,WHITE HANGING HEART T-LIGHT HOLDER,18,2023-03-25 16:55:00,2.95,1009.0,United Kingdom
536096,VINTAGE SNAP CARDS,23,2023-03-25 16:55:00,0.85,1009.0,United Kingdom
536096,DOORMAT AIRMAIL,4,2023-03-25 16:55:00,7.95,1009.0,United Kingdom
536097,POSTAGE,8,2023-04-24 16:55:00,3.75,1009.0,United Kingdom
536097,HEART OF WICKER SMALL,21,2023-04-24 16:55:00,1.65,1009.0,United Kingdom
536097,JUMBO BAG RED RETROSPOT,23,2023-04-24 16:55:00,2.08,1009.0,United Kingdom
536098,RED RETROSPOT CHARLOTTE BAG,11,2023-05-26 16:55:00,0.85,1009.0,United Kingdom
536098,PARTY BUNTING,17,2023-05-26 16:55:00,4.95,1009.0,United Kingdom
536098,VINTAGE SNAP CARDS,24,2023-05-26 16:55:00,0.85,1009.0,United Kingdom
536098,NATURAL SLATE CHALKBOARD LARGE,23,2023-05-26 16:55:00,4.95,1009.0,United Kingdom
536098,ALARM CLOCK BAKELIKE GREEN,18,2023-05-26 16:55:00,3.75,1009.0,United Kingdom
536098,WHITE HANGING HEART T-LIGHT HOLDER,6,2023-05-26 16:55:00,2.95,1009.0,United Kingdom
536098,POSTAGE,7,2023-05-26 16:55:00,3.75,1009.0,United Kingdom
536099,HAND WARMER OWL DESIGN,8,2023-06-27 16:55:00,2.1,1009.0,United Kingdom
536099,ALARM CLOCK BAKELIKE GREEN,13,2023-06-27 16:55:00,3.75,1009.0,United Kingdom
536099,POSTAGE,17,2023-06-27 16:55:00,3.75,1009.0,United Kingdom
536099,ALARM CLOCK BAKELIKE RED,4,2023-06-27 16:55:00,3.75,1009.0,United Kingdom
536099,NATURAL SLATE CHALKBOARD LARGE,23,2023-06-27 16:55:00,4.95,1009.0,United Kingdom
536099,PACK OF 72 RETROSPOT CAKE CASES,15,2023-06-27 16:55:00,0.55,1009.0,United Kingdom
536100,PAPER CHAIN KIT 50'S CHRISTMAS,20,2023-07-31 16:55:00,2.95,1009.0,United Kingdom
536100,RED RETROSPOT CHARLOTTE BAG,15,2023-07-31 16:55:00,0.85,1009.0,United Kingdom
536100,SET OF 3 CAKE TINS PANTRY DESIGN,6,2023-07-31 16:55:00,4.95,1009.0,United Kingdom
536100,REGENCY CAKESTAND 3 TIER,20,2023-07-31 16:55:00,12.75,1009.0,United Kingdom
536101,ALARM CLOCK BAKELIKE RED,5,2023-09-01 16:55:00,3.75,1009.0,United Kingdom
536101,HAND WARMER OWL DESIGN,24,2023-09-01 16:55:00,2.1,1009.0,United Kingdom
536101,ALARM CLOCK BAKELIKE GREEN,16,2023-09-01 16:55:00,3.75,1009.0,United Kingdom
536101,POSTAGE,15,2023-09-01 16:55:00,3.75,1009.0,United Kingdom
536101,WOODEN PICTURE FRAME WHITE FINISH,12,2023-09-01 16:55:00,2.55,1009.0,United Kingdom
536101,RED RETROSPOT CHARLOTTE BAG,4,2023-09-01 16:55:00,0.85,1009.0,United Kingdom
536101,NATURAL SLATE CHALKBOARD LARGE,15,2023-09-01 16:55:00,4.95,1009.0,United Kingdom
536102,PACK OF 72 RETROSPOT CAKE CASES,22,2023-10-05 16:55:00,0.55,1009.0,United Kingdom
536102,NATURAL SLATE CHALKBOARD LARGE,14,2023-10-05 16:55:00,4.95,1009.0,United Kingdom
536102,PARTY BUNTING,8,2023-10-05 16:55:00,4.95,1009.0,United Kingdom
536103,PACK OF 72 RETROSPOT CAKE CASES,24,2023-11-01 16:55:00,0.55,1009.0,United Kingdom
536103,ALARM CLOCK BAKELIKE GREEN,9,2023-11-01 16:55:00,3.75,1009.0,United Kingdom
536103,ASSORTED COLOUR BIRD ORNAMENT,18,2023-11-01 16:55:00,1.69,1009.0,United Kingdom
536104,JUMBO BAG RED RETROSPOT,15,2023-02-21 16:40:00,2.08,1010.0,United Kingdom
536104,VINTAGE SNAP CARDS,17,2023-02-21 16:40:00,0.85,1010.0,United Kingdom
536104,PACK OF 72 RETROSPOT CAKE CASES,16,2023-02-21 16:40:00,0.55,1010.0,United Kingdom
536104,WHITE HANGING HEART T-LIGHT HOLDER,18,2023-02-21 16:40:00,2.95,1010.0,United Kingdom
536104,ASSORTED COLOUR BIRD ORNAMENT,16,2023-02-21 16:40:00,1.69,1010.0,United Kingdom
536104,LUNCH BAG RED RETROSPOT,14,2023-02-21 16:40:00,1.65,1010.0,United Kingdom
536104,ALARM CLOCK BAKELIKE RED,9,2023-02-21 16:40:00,3.75,1010.0,United Kingdom
536104,WOODEN PICTURE FRAME WHITE FINISH,19,2023-02-21 16:40:00,2.55,1010.0,United Kingdom
536105,DOORMAT AIRMAIL,17,2023-03-20 16:40:00,7.95,1010.0,United Kingdom
536105,PACK OF 72 RETROSPOT CAKE CASES,23,2023-03-20 16:40:00,0.55,1010.0,United Kingdom
536105,ALARM CLOCK BAKELIKE RED,9,2023-03-20 16:40:00,3.75,1010.0,United Kingdom
536105,HEART OF WICKER SMALL,21,2023-03-20 16:40:00,1.65,1010.0,United Kingdom
536105,REGENCY CAKESTAND 3 TIER,13,2023-03-20 16:40:00,12.75,1010.0,United Kingdom
536105,PAPER CHAIN KIT 50'S CHRISTMAS,14,2023-03-20 16:40:00,2.95,1010.0,United Kingdom
536105,JUMBO BAG RED RETROSPOT,7,2023-03-20 16:40:00,2.08,1010.0,United Kingdom
536105,WHITE HANGING HEART T-LIGHT HOLDER,6,2023-03-20 16:40:00,2.95,1010.0,United Kingdom
536106,VINTAGE SNAP CARDS,18,2023-04-10 16:40:00,0.85,1010.0,United Kingdom
536106,HAND WARMER OWL DESIGN,15,2023-04-10 16:40:00,2.1,1010.0,United Kingdom
536106,WOODEN STAR CHRISTMAS DECORATION,18,2023-04-10 16:40:00,0.85,1010.0,United Kingdom
536106,RED RETROSPOT CHARLOTTE BAG,5,2023-04-10 16:40:00,0.85,1010.0,United Kingdom
536106,SET OF 3 CAKE TINS PANTRY DESIGN,15,2023-04-10 16:40:00,4.95,1010.0,United Kingdom
536107,RED RETROSPOT CHARLOTTE BAG,9,2023-05-03 16:40:00,0.85,1010.0,United Kingdom
536107,HEART OF WICKER SMALL,4,2023-05-03 16:40:00,1.65,1010.0,United Kingdom
536107,WHITE HANGING HEART T-LIGHT HOLDER,8,2023-05-03 16:40:00,2.95,1010.0,United Kingdom
536107,REGENCY CAKESTAND 3 TIER,23,2023-05-03 16:40:00,12.75,1010.0,United Kingdom
536107,WOODEN PICTURE FRAME WHITE FINISH,18,2023-05-03 16:40:00,2.55,1010.0,United Kingdom
536107,SET OF 3 CAKE TINS PANTRY DESIGN,5,2023-05-03 16:40:00,4.95,1010.0,United Kingdom
536107,PAPER CHAIN KIT 50'S CHRISTMAS,8,2023-05-03 16:40:00,2.95,1010.0,United Kingdom
536108,NATURAL SLATE CHALKBOARD LARGE,16,2023-05-25 16:40:00,4.95,1010.0,United Kingdom
536108,PACK OF 72 RETROSPOT CAKE CASES,22,2023-05-25 16:40:00,0.55,1010.0,United Kingdom
536108,PAPER CHAIN KIT 50'S CHRISTMAS,5,2023-05-25 16:40:00,2.95,1010.0,United Kingdom
536109,LUNCH BAG RED RETROSPOT,22,2023-06-18 16:40:00,1.65,1010.0,United Kingdom
536109,WOODEN STAR CHRISTMAS DECORATION,8,2023-06-18 16:40:00,0.85,1010.0,United Kingdom
536109,PACK OF 72 RETROSPOT CAKE CASES,20,2023-06-18 16:40:00,0.55,1010.0,United Kingdom
536109,ALARM CLOCK BAKELIKE GREEN,15,2023-06-18 16:40:00,3.75,1010.0,United Kingdom
536109,PAPER CHAIN KIT 50'S CHRISTMAS,16,2023-06-18 16:40:00,2.95,1010.0,United Kingdom
536109,WOODEN PICTURE FRAME WHITE FINISH,14,2023-06-18 16:40:00,2.55,1010.0,United Kingdom
536109,WHITE HANGING HEART T-LIGHT HOLDER,24,2023-06-18 16:40:00,2.95,1010.0,United Kingdom
536110,NATURAL SLATE CHALKBOARD LARGE,20,2023-07-11 16:40:00,4.95,1010.0,United Kingdom
536110,PARTY BUNTING,16,2023-07-11 16:40:00,4.95,1010.0,United Kingdom
536110,POSTAGE,21,2023-07-11 16:40:00,3.75,1010.0,United Kingdom
536110,SET OF 3 CAKE TINS PANTRY DESIGN,7,2023-07-11 16:40:00,4.95,1010.0,United Kingdom
536110,DOORMAT AIRMAIL,12,2023-07-11 16:40:00,7.95,1010.0,United Kingdom
536111,WOODEN STAR CHRISTMAS DECORATION,7,2023-08-09 16:40:00,0.85,1010.0,United Kingdom
536111,JUMBO BAG RED RETROSPOT,8,2023-08-09 16:40:00,2.08,1010.0,United Kingdom
536111,VINTAGE SNAP CARDS,6,2023-08-09 16:40:00,0.85,1010.0,United Kingdom
536111,DOORMAT AIRMAIL,18,2023-08-09 16:40:00,7.95,1010.0,United Kingdom
536111,PAPER CHAIN KIT 50'S CHRISTMAS,9,2023-08-09 16:40:00,2.95,1010.0,United Kingdom
536112,WOODEN STAR CHRISTMAS DECORATION,13,2023-08-30 16:40:00,0.85,1010.0,United Kingdom
536112,REGENCY CAKESTAND 3 TIER,9,2023-08-30 16:40:00,12.75,1010.0,United Kingdom
536112,ASSORTED COLOUR BIRD ORNAMENT,24,2023-08-30 16:40:00,1.69,1010.0,United Kingdom
536112,PACK OF 72 RETROSPOT CAKE CASES,9,2023-08-30 16:40:00,0.55,1010.0,United Kingdom
536112,PAPER CHAIN KIT 50'S CHRISTMAS,15,2023-08-30 16:40:00,2.95,1010.0,United Kingdom
536112,HEART OF WICKER SMALL,20,2023-08-30 16:40:00,1.65,1010.0,United Kingdom
536112,HAND WARMER OWL DESIGN,11,2023-08-30 16:40:00,2.1,1010.0,United Kingdom
536112,LUNCH BAG RED RETROSPOT,7,2023-08-30 16:40:00,1.65,1010.0,United Kingdom
536113,LUNCH BAG RED RETROSPOT,15,2023-09-25 16:40:00,1.65,1010.0,United Kingdom
536113,NATURAL SLATE CHALKBOARD LARGE,21,2023-09-25 16:40:00,4.95,1010.0,United Kingdom
536113,DOORMAT AIRMAIL,22,2023-09-25 16:40:00,7.95,1010.0,United Kingdom
536113,POSTAGE,15,2023-09-25 16:40:00,3.75,1010.0,United Kingdom
536114,ALARM CLOCK BAKELIKE GREEN,19,2023-10-16 16:40:00,3.75,1010.0,United Kingdom
536114,LUNCH BAG RED RETROSPOT,20,2023-10-16 16:40:00,1.65,1010.0,United Kingdom
536114,REGENCY CAKESTAND 3 TIER,17,2023-10-16 16:40:00,12.75,1010.0,United Kingdom
536114,HAND WARMER OWL DESIGN,17,2023-10-16 16:40:00,2.1,1010.0,United Kingdom
536114,VINTAGE SNAP CARDS,22,2023-10-16 16:40:00,0.85,1010.0,United Kingdom
536114,JUMBO BAG RED RETROSPOT,6,2023-10-16 16:40:00,2.08,1010.0,United Kingdom
536115,ASSORTED COLOUR BIRD ORNAMENT,20,2023-11-07 16:40:00,1.69,1010.0,United Kingdom
536115,REGENCY CAKESTAND 3 TIER,15,2023-11-07 16:40:00,12.75,1010.0,United Kingdom
536115,WOODEN STAR CHRISTMAS DECORATION,8,2023-11-07 16:40:00,0.85,1010.0,United Kingdom
536115,ALARM CLOCK BAKELIKE GREEN,21,2023-11-07 16:40:00,3.75,1010.0,United Kingdom
536116,VINTAGE SNAP CARDS,13,2023-02-21 11:49:00,0.85,1011.0,United Kingdom
536116,REGENCY CAKESTAND 3 TIER,23,2023-02-21 11:49:00,12.75,1011.0,United Kingdom
536116,HEART OF WICKER SMALL,21,2023-02-21 11:49:00,1.65,1011.0,United Kingdom
536116,JUMBO BAG RED RETROSPOT,6,2023-02-21 11:49:00,2.08,1011.0,United Kingdom
536116,ALARM CLOCK BAKELIKE GREEN,20,2023-02-21 11:49:00,3.75,1011.0,United Kingdom
536116,PAPER CHAIN KIT 50'S CHRISTMAS,24,2023-02-21 11:49:00,2.95,1011.0,United Kingdom
536116,ASSORTED COLOUR BIRD ORNAMENT,9,2023-02-21 11:49:00,1.69,1011.0,United Kingdom
536117,PAPER CHAIN KIT 50'S CHRISTMAS,4,2023-03-26 11:49:00,2.95,1011.0,United Kingdom
536117,LUNCH BAG RED RETROSPOT,6,2023-03-26 11:49:00,1.65,1011.0,United Kingdom
536117,SET OF 3 CAKE TINS PANTRY DESIGN,5,2023-03-26 11:49:00,4.95,1011.0,United Kingdom
536117,ASSORTED COLOUR BIRD ORNAMENT,24,2023-03-26 11:49:00,1.69,1011.0,United Kingdom
536117,WHITE HANGING HEART T-LIGHT HOLDER,22,2023-03-26 11:49:00,2.95,1011.0,United Kingdom
536117,RED RETROSPOT CHARLOTTE BAG,12,2023-03-26 11:49:00,0.85,1011.0,United Kingdom
536117,WOODEN STAR CHRISTMAS DECORATION,24,2023-03-26 11:49:00,0.85,1011.0,United Kingdom
536118,PAPER CHAIN KIT 50'S CHRISTMAS,24,2023-04-27 11:49:00,2.95,1011.0,United Kingdom
536118,RED RETROSPOT CHARLOTTE BAG,21,2023-04-27 11:49:00,0.85,1011.0,United Kingdom
536118,POSTAGE,13,2023-04-27 11:49:00,3.75,1011.0,United Kingdom
536118,DOORMAT AIRMAIL,24,2023-04-27 11:49:00,7.95,1011.0,United Kingdom
536119,DOORMAT AIRMAIL,6,2023-05-27 11:49:00,7.95,1011.0,United Kingdom
536119,NATURAL SLATE CHALKBOARD LARGE,5,2023-05-27 11:49:00,4.95,1011.0,United Kingdom
536119,WOODEN PICTURE FRAME WHITE FINISH,9,2023-05-27 11:49:00,2.55,1011.0,United Kingdom
536119,VINTAGE SNAP CARDS,18,2023-05-27 11:49:00,0.85,1011.0,United Kingdom
536119,WOODEN STAR CHRISTMAS DECORATION,17,2023-05-27 11:49:00,0.85,1011.0,United Kingdom
536120,WOODEN STAR CHRISTMAS DECORATION,14,2023-06-26 11:49:00,0.85,1011.0,United Kingdom
536120,JUMBO BAG RED RETROSPOT,15,2023-06-26 11:49:00,2.08,1011.0,United Kingdom
536120,ASSORTED COLOUR BIRD ORNAMENT,16,2023-06-26 11:49:00,1.69,1011.0,United Kingdom
536120,LUNCH BAG RED RETROSPOT,8,2023-06-26 11:49:00,1.65,1011.0,United Kingdom
536120,ALARM CLOCK BAKELIKE GREEN,15,2023-06-26 11:49:00,3.75,1011.0,United Kingdom
536120,RED RETROSPOT CHARLOTTE BAG,20,2023-06-26 11:49:00,0.85,1011.0,United Kingdom
536121,PARTY BUNTING,11,2023-07-27 11:49:00,4.95,1011.0,United Kingdom
536121,ASSORTED COLOUR BIRD ORNAMENT,8,2023-07-27 11:49:00,1.69,1011.0,United Kingdom
536121,NATURAL SLATE CHALKBOARD LARGE,7,2023-07-27 11:49:00,4.95,1011.0,United Kingdom
536121,WOODEN STAR CHRISTMAS DECORATION,5,2023-07-27 11:49:00,0.85,1011.0,United Kingdom
536121,HAND WARMER OWL DESIGN,13,2023-07-27 11:49:00,2.1,1011.0,United Kingdom
536121,LUNCH BAG RED RETROSPOT,16,2023-07-27 11:49:00,1.65,1011.0,United Kingdom
536121,ALARM CLOCK BAKELIKE GREEN,23,2023-07-27 11:49:00,3.75,1011.0,United Kingdom
536122,NATURAL SLATE CHALKBOARD LARGE,9,2023-09-01 11:49:00,4.95,1011.0,United Kingdom
536122,SET OF 3 CAKE TINS PANTRY DESIGN,19,2023-09-01 11:49:00,4.95,1011.0,United Kingdom
536122,ASSORTED COLOUR BIRD ORNAMENT,20,2023-09-01 11:49:00,1.69,1011.0,United Kingdom
536122,ALARM CLOCK BAKELIKE GREEN,18,2023-09-01 11:49:00,3.75,1011.0,United Kingdom
536122,JUMBO BAG RED RETROSPOT,19,2023-09-01 11:49:00,2.08,1011.0,United Kingdom
536122,WOODEN PICTURE FRAME WHITE FINISH,13,2023-09-01 11:49:00,2.55,1011.0,United Kingdom
536123,POSTAGE,10,2023-09-29 11:49:00,3.75,1011.0,United Kingdom
536123,REGENCY CAKESTAND 3 TIER,22,2023-09-29 11:49:00,12.75,1011.0,United Kingdom
536123,WOODEN PICTURE FRAME WHITE FINISH,15,2023-09-29 11:49:00,2.55,1011.0,United Kingdom
536123,ALARM CLOCK BAKELIKE RED,5,2023-09-29 11:49:00,3.75,1011.0,United Kingdom
536123,WOODEN STAR CHRISTMAS DECORATION,5,2023-09-29 11:49:00,0.85,1011.0,United Kingdom
536123,PARTY BUNTING,13,2023-09-29 11:49:00,4.95,1011.0,United Kingdom
536124,HAND WARMER OWL DESIGN,8,2023-11-04 11:49:00,2.1,1011.0,United Kingdom
536124,DOORMAT AIRMAIL,12,2023-11-04 11:49:00,7.95,1011.0,United Kingdom
536124,VINTAGE SNAP CARDS,15,2023-11-04 11:49:00,0.85,1011.0,United Kingdom
536124,POSTAGE,16,2023-11-04 11:49:00,3.75,1011.0,United Kingdom
536124,PARTY BUNTING,15,2023-11-04 11:49:00,4.95,1011.0,United Kingdom
536124,JUMBO BAG RED RETROSPOT,5,2023-11-04 11:49:00,2.08,1011.0,United Kingdom
536125,LUNCH BAG RED RETROSPOT,5,2023-01-13 09:36:00,1.65,1012.0,United Kingdom
536125,JUMBO BAG RED RETROSPOT,5,2023-01-13 09:36:00,2.08,1012.0,United Kingdom
536125,ALARM CLOCK BAKELIKE RED,8,2023-01-13 09:36:00,3.75,1012.0,United Kingdom
536125,WOODEN PICTURE FRAME WHITE FINISH,14,2023-01-13 09:36:00,2.55,1012.0,United Kingdom
536125,WHITE HANGING HEART T-LIGHT HOLDER,19,2023-01-13 09:36:00,2.95,1012.0,United Kingdom
536126,WOODEN STAR CHRISTMAS DECORATION,14,2023-02-06 09:36:00,0.85,1012.0,United Kingdom
536126,LUNCH BAG RED RETROSPOT,9,2023-02-06 09:36:00,1.65,1012.0,United Kingdom
536126,ALARM CLOCK BAKELIKE RED,16,2023-02-06 09:36:00,3.75,1012.0,United Kingdom
536126,PAPER CHAIN KIT 50'S CHRISTMAS,23,2023-02-06 09:36:00,2.95,1012.0,United Kingdom
536126,ASSORTED COLOUR BIRD ORNAMENT,13,2023-02-06 09:36:00,1.69,1012.0,United Kingdom
536126,HAND WARMER OWL DESIGN,22,2023-02-06 09:36:00,2.1,1012.0,United Kingdom
536126,VINTAGE SNAP CARDS,14,2023-02-06 09:36:00,0.85,1012.0,United Kingdom
536127,ALARM CLOCK BAKELIKE RED,15,2023-03-04 09:36:00,3.75,1012.0,United Kingdom
536127,ALARM CLOCK BAKELIKE GREEN,14,2023-03-04 09:36:00,3.75,1012.0,United Kingdom
536127,DOORMAT AIRMAIL,7,2023-03-04 09:36:00,7.95,1012.0,United Kingdom
536127,VINTAGE SNAP CARDS,17,2023-03-04 09:36:00,0.85,1012.0,United Kingdom
536127,PAPER CHAIN KIT 50'S CHRISTMAS,22,2023-03-04 09:36:00,2.95,1012.0,United Kingdom
536127,RED RETROSPOT CHARLOTTE BAG,13,2023-03-04 09:36:00,0.85,1012.0,United Kingdom
536127,POSTAGE,24,2023-03-04 09:36:00,3.75,1012.0,United Kingdom
536128,HAND WARMER OWL DESIGN,24,2023-03-29 09:36:00,2.1,1012.0,United Kingdom
536128,DOORMAT AIRMAIL,22,2023-03-29 09:36:00,7.95,1012.0,United Kingdom
536128,HEART OF WICKER SMALL,22,2023-03-29 09:36:00,1.65,1012.0,United Kingdom
536129,WHITE HANGING HEART T-LIGHT HOLDER,20,2023-04-24 09:36:00,2.95,1012.0,United Kingdom
536129,PAPER CHAIN KIT 50'S CHRISTMAS,24,2023-04-24 09:36:00,2.95,1012.0,United Kingdom
536129,DOORMAT AIRMAIL,23,2023-04-24 09:36:00,7.95,1012.0,United Kingdom
536129,SET OF 3 CAKE TINS PANTRY DESIGN,16,2023-04-24 09:36:00,4.95,1012.0,United Kingdom
536130,NATURAL SLATE CHALKBOARD LARGE,4,2023-05-21 09:36:00,4.95,1012.0,United Kingdom
536130,WHITE HANGING HEART T-LIGHT HOLDER,18,2023-05-21 09:36:00,2.95,1012.0,United Kingdom
536130,PARTY BUNTING,14,2023-05-21 09:36:00,4.95,1012.0,United Kingdom
536130,JUMBO BAG RED RETROSPOT,17,2023-05-21 09:36:00,2.08,1012.0,United Kingdom
536131,RED RETROSPOT CHARLOTTE BAG,23,2023-06-15 09:36:00,0.85,1012.0,United Kingdom
536131,JUMBO BAG RED RETROSPOT,19,2023-06-15 09:36:00,2.08,1012.0,United Kingdom
536131,HAND WARMER OWL DESIGN,5,2023-06-15 09:36:00,2.1,1012.0,United Kingdom
536131,ALARM CLOCK BAKELIKE RED,8,2023-06-15 09:36:00,3.75,1012.0,United Kingdom
536132,JUMBO BAG RED RETROSPOT,18,2023-07-10 09:36:00,2.08,1012.0,United Kingdom
536132,ALARM CLOCK BAKELIKE GREEN,21,2023-07-10 09:36:00,3.75,1012.0,United Kingdom
536132,ASSORTED COLOUR BIRD ORNAMENT,14,2023-07-10 09:36:00,1.69,1012.0,United Kingdom
536132,DOORMAT AIRMAIL,21,2023-07-10 09:36:00,7.95,1012.0,United Kingdom
536132,WOODEN PICTURE FRAME WHITE FINISH,15,2023-07-10 09:36:00,2.55,1012.0,United Kingdom
536132,SET OF 3 CAKE TINS PANTRY DESIGN,24,2023-07-10 09:36:00,4.95,1012.0,United Kingdom
536132,REGENCY CAKESTAND 3 TIER,12,2023-07-10 09:36:00,12.75,1012.0,United Kingdom
536133,DOORMAT AIRMAIL,13,2023-08-01 09:36:00,7.95,1012.0,United Kingdom
536133,JUMBO BAG RED RETROSPOT,10,2023-08-01 09:36:00,2.08,1012.0,United Kingdom
536133,NATURAL SLATE CHALKBOARD LARGE,19,2023-08-01 09:36:00,4.95,1012.0,United Kingdom
536133,HEART OF WICKER SMALL,14,2023-08-01 09:36:00,1.65,1012.0,United Kingdom
536133,VINTAGE SNAP CARDS,19,2023-08-01 09:36:00,0.85,1012.0,United Kingdom
536133,PARTY BUNTING,15,2023-08-01 09:36:00,4.95,1012.0,United Kingdom
536133,LUNCH BAG RED RETROSPOT,21,2023-08-01 09:36:00,1.65,1012.0,United Kingdom
536134,HEART OF WICKER SMALL,8,2023-08-27 09:36:00,1.65,1012.0,United Kingdom
536134,VINTAGE SNAP CARDS,13,2023-08-27 09:36:00,0.85,1012.0,United Kingdom
536134,PARTY BUNTING,5,2023-08-27 09:36:00,4.95,1012.0,United Kingdom
536134,WOODEN PICTURE FRAME WHITE FINISH,13,2023-08-27 09:36:00,2.55,1012.0,United Kingdom
536134,ALARM CLOCK BAKELIKE RED,6,2023-08-27 09:36:00,3.75,1012.0,United Kingdom
536134,RED RETROSPOT CHARLOTTE BAG,15,2023-08-27 09:36:00,0.85,1012.0,United Kingdom
536134,SET OF 3 CAKE TINS PANTRY DESIGN,18,2023-08-27 09:36:00,4.95,1012.0,United Kingdom
536134,DOORMAT AIRMAIL,24,2023-08-27 09:36:00,7.95,1012.0,United Kingdom
536135,DOORMAT AIRMAIL,8,2023-09-23 09:36:00,7.95,1012.0,United Kingdom
536135,JUMBO BAG RED RETROSPOT,7,2023-09-23 09:36:00,2.08,1012.0,United Kingdom
536135,PAPER CHAIN KIT 50'S CHRISTMAS,23,2023-09-23 09:36:00,2.95,1012.0,United Kingdom
536135,HEART OF WICKER SMALL,22,2023-09-23 09:36:00,1.65,1012.0,United Kingdom
536135,ALARM CLOCK BAKELIKE RED,11,2023-09-23 09:36:00,3.75,1012.0,United Kingdom
536136,WHITE HANGING HEART T-LIGHT HOLDER,5,2023-10-22 09:36:00,2.95,1012.0,United Kingdom
536136,ALARM CLOCK BAKELIKE RED,7,2023-10-22 09:36:00,3.75,1012.0,United Kingdom
536136,NATURAL SLATE CHALKBOARD LARGE,17,2023-10-22 09:36:00,4.95,1012.0,United Kingdom
536136,ALARM CLOCK BAKELIKE GREEN,14,2023-10-22 09:36:00,3.75,1012.0,United Kingdom
536137,DOORMAT AIRMAIL,19,2023-11-13 09:36:00,7.95,1012.0,United Kingdom
536137,PARTY BUNTING,24,2023-11-13 09:36:00,4.95,1012.0,United Kingdom
536137,LUNCH BAG RED RETROSPOT,10,2023-11-13 09:36:00,1.65,1012.0,United Kingdom
536137,POSTAGE,13,2023-11-13 09:36:00,3.75,1012.0,United Kingdom
536137,SET OF 3 CAKE TINS PANTRY DESIGN,14,2023-11-13 09:36:00,4.95,1012.0,United Kingdom
536137,JUMBO BAG RED RETROSPOT,13,2023-11-13 09:36:00,2.08,1012.0,United Kingdom
536137,ASSORTED COLOUR BIRD ORNAMENT,24,2023-11-13 09:36:00,1.69,1012.0,United Kingdom
536137,NATURAL SLATE CHALKBOARD LARGE,5,2023-11-13 09:36:00,4.95,1012.0,United Kingdom
536138,WHITE HANGING HEART T-LIGHT HOLDER,13,2023-03-25 10:41:00,2.95,1013.0,Germany
536138,POSTAGE,18,2023-03-25 10:41:00,3.75,1013.0,Germany
536138,VINTAGE SNAP CARDS,24,2023-03-25 10:41:00,0.85,1013.0,Germany
536138,PARTY BUNTING,21,2023-03-25 10:41:00,4.95,1013.0,Germany
536138,ASSORTED COLOUR BIRD ORNAMENT,20,2023-03-25 10:41:00,1.69,1013.0,Germany
536139,LUNCH BAG RED RETROSPOT,7,2023-04-17 10:41:00,1.65,1013.0,Germany
536139,ALARM CLOCK BAKELIKE RED,14,2023-04-17 10:41:00,3.75,1013.0,Germany
536139,WOODEN STAR CHRISTMAS DECORATION,9,2023-04-17 10:41:00,0.85,1013.0,Germany
536139,HEART OF WICKER SMALL,18,2023-04-17 10:41:00,1.65,1013.0,Germany
536139,JUMBO BAG RED RETROSPOT,24,2023-04-17 10:41:00,2.08,1013.0,Germany
536139,WOODEN PICTURE FRAME WHITE FINISH,12,2023-04-17 10:41:00,2.55,1013.0,Germany
536140,SET OF 3 CAKE TINS PANTRY DESIGN,16,2023-05-09 10:41:00,4.95,1013.0,Germany
536140,POSTAGE,17,2023-05-09 10:41:00,3.75,1013.0,Germany
536140,ASSORTED COLOUR BIRD ORNAMENT,20,2023-05-09 10:41:00,1.69,1013.0,Germany
536140,VINTAGE SNAP CARDS,14,2023-05-09 10:41:00,0.85,1013.0,Germany
536140,JUMBO BAG RED RETROSPOT,6,2023-05-09 10:41:00,2.08,1013.0,Germany
536140,REGENCY CAKESTAND 3 TIER,16,2023-05-09 10:41:00,12.75,1013.0,Germany
536140,ALARM CLOCK BAKELIKE RED,7,2023-05-09 10:41:00,3.75,1013.0,Germany
536140,ALARM CLOCK BAKELIKE GREEN,9,2023-05-09 10:41:00,3.75,1013.0,Germany
536141,DOORMAT AIRMAIL,12,2023-05-31 10:41:00,7.95,1013.0,Germany
536141,ASSORTED COLOUR BIRD ORNAMENT,16,2023-05-31 10:41:00,1.69,1013.0,Germany
536141,NATURAL SLATE CHALKBOARD LARGE,11,2023-05-31 10:41:00,4.95,1013.0,Germany
536141,POSTAGE,18,2023-05-31 10:41:00,3.75,1013.0,Germany
536142,ASSORTED COLOUR BIRD ORNAMENT,11,2023-06-17 10:41:00,1.69,1013.0,Germany
536142,VINTAGE SNAP CARDS,5,2023-06-17 10:41:00,0.85,1013.0,Germany
536142,POSTAGE,7,2023-06-17 10:41:00,3.75,1013.0,Germany
536142,HEART OF WICKER SMALL,18,2023-06-17 10:41:00,1.65,1013.0,Germany
536142,PACK OF 72 RETROSPOT CAKE CASES,13,2023-06-17 10:41:00,0.55,1013.0,Germany
536143,WOODEN PICTURE FRAME WHITE FINISH,24,2023-07-13 10:41:00,2.55,1013.0,Germany
536143,ALARM CLOCK BAKELIKE RED,13,2023-07-13 10:41:00,3.75,1013.0,Germany
536143,VINTAGE SNAP CARDS,15,2023-07-13 10:41:00,0.85,1013.0,Germany
536143,PARTY BUNTING,23,2023-07-13 10:41:00,4.95,1013.0,Germany
536144,NATURAL SLATE CHALKBOARD LARGE,18,2023-07-31 10:41:00,4.95,1013.0,Germany
536144,LUNCH BAG RED RETROSPOT,23,2023-07-31 10:41:00,1.65,1013.0,Germany
536144,DOORMAT AIRMAIL,15,2023-07-31 10:41:00,7.95,1013.0,Germany
536144,PAPER CHAIN KIT 50'S CHRISTMAS,17,2023-07-31 10:41:00,2.95,1013.0,Germany
536145,ALARM CLOCK BAKELIKE GREEN,6,2023-08-26 10:41:00,3.75,1013.0,Germany
536145,DOORMAT AIRMAIL,20,2023-08-26 10:41:00,7.95,1013.0,Germany
536145,HAND WARMER OWL DESIGN,18,2023-08-26 10:41:00,2.1,1013.0,Germany
536145,JUMBO BAG RED RETROSPOT,20,2023-08-26 10:41:00,2.08,1013.0,Germany
536145,NATURAL SLATE CHALKBOARD LARGE,15,2023-08-26 10:41:00,4.95,1013.0,Germany
536145,ASSORTED COLOUR BIRD ORNAMENT,6,2023-08-26 10:41:00,1.69,1013.0,Germany
536145,WOODEN PICTURE FRAME WHITE FINISH,22,2023-08-26 10:41:00,2.55,1013.0,Germany
536145,VINTAGE SNAP CARDS,7,2023-08-26 10:41:00,0.85,1013.0,Germany
536146,ALARM CLOCK BAKELIKE GREEN,22,2023-09-17 10:41:00,3.75,1013.0,Germany
536146,ALARM CLOCK BAKELIKE RED,21,2023-09-17 10:41:00,3.75,1013.0,Germany
536146,JUMBO BAG RED RETROSPOT,8,2023-09-17 10:41:00,2.08,1013.0,Germany
536147,ASSORTED COLOUR BIRD ORNAMENT,10,2023-10-05 10:41:00,1.69,1013.0,Germany
536147,ALARM CLOCK BAKELIKE RED,22,2023-10-05 10:41:00,3.75,1013.0,Germany
536147,WOODEN STAR CHRISTMAS DECORATION,19,2023-10-05 10:41:00,0.85,1013.0,Germany
536147,PARTY BUNTING,6,2023-10-05 10:41:00,4.95,1013.0,Germany
536148,WOODEN STAR CHRISTMAS DECORATION,5,2023-10-27 10:41:00,0.85,1013.0,Germany
536148,WHITE HANGING HEART T-LIGHT HOLDER,21,2023-10-27 10:41:00,2.95,1013.0,Germany
536148,HAND WARMER OWL DESIGN,18,2023-10-27 10:41:00,2.1,1013.0,Germany
536148,LUNCH BAG RED RETROSPOT,13,2023-10-27 10:41:00,1.65,1013.0,Germany
536148,RED RETROSPOT CHARLOTTE BAG,4,2023-10-27 10:41:00,0.85,1013.0,Germany
536148,NATURAL SLATE CHALKBOARD LARGE,16,2023-10-27 10:41:00,4.95,1013.0,Germany
536148,VINTAGE SNAP CARDS,12,2023-10-27 10:41:00,0.85,1013.0,Germany
536149,JUMBO BAG RED RETROSPOT,5,2023-11-20 10:41:00,2.08,1013.0,Germany
536149,PAPER CHAIN KIT 50'S CHRISTMAS,17,2023-11-20 10:41:00,2.95,1013.0,Germany
536149,REGENCY CAKESTAND 3 TIER,15,2023-11-20 10:41:00,12.75,1013.0,Germany
536150,LUNCH BAG RED RETROSPOT,11,2023-03-25 10:34:00,1.65,1014.0,United Kingdom
536150,PACK OF 72 RETROSPOT CAKE CASES,4,2023-03-25 10:34:00,0.55,1014.0,United Kingdom
536150,PARTY BUNTING,4,2023-03-25 10:34:00,4.95,1014.0,United Kingdom
536150,SET OF 3 CAKE TINS PANTRY DESIGN,13,2023-03-25 10:34:00,4.95,1014.0,United Kingdom
536150,WOODEN PICTURE FRAME WHITE FINISH,18,2023-03-25 10:34:00,2.55,1014.0,United Kingdom
536150,HEART OF WICKER SMALL,21,2023-03-25 10:34:00,1.65,1014.0,United Kingdom
536150,REGENCY CAKESTAND 3 TIER,17,2023-03-25 10:34:00,12.75,1014.0,United Kingdom
536151,WOODEN PICTURE FRAME WHITE FINISH,10,2023-04-08 10:34:00,2.55,1014.0,United Kingdom
536151,NATURAL SLATE CHALKBOARD LARGE,7,2023-04-08 10:34:00,4.95,1014.0,United Kingdom
536151,PAPER CHAIN KIT 50'S CHRISTMAS,5,2023-04-08 10:34:00,2.95,1014.0,United Kingdom
536151,WOODEN STAR CHRISTMAS DECORATION,17,2023-04-08 10:34:00,0.85,1014.0,United Kingdom
536151,PACK OF 72 RETROSPOT CAKE CASES,23,2023-04-08 10:34:00,0.55,1014.0,United Kingdom
536151,REGENCY CAKESTAND 3 TIER,4,2023-04-08 10:34:00,12.75,1014.0,United Kingdom
536151,LUNCH BAG RED RETROSPOT,11,2023-04-08 10:34:00,1.65,1014.0,United Kingdom
536152,REGENCY CAKESTAND 3 TIER,23,2023-04-24 10:34:00,12.75,1014.0,United Kingdom
536152,PARTY BUNTING,5,2023-04-24 10:34:00,4.95,1014.0,United Kingdom
536152,WHITE HANGING HEART T-LIGHT HOLDER,11,2023-04-24 10:34:00,2.95,1014.0,United Kingdom
536152,WOODEN STAR CHRISTMAS DECORATION,5,2023-04-24 10:34:00,0.85,1014.0,United Kingdom
536153,WOODEN STAR CHRISTMAS DECORATION,20,2023-05-10 10:34:00,0.85,1014.0,United Kingdom
536153,NATURAL SLATE CHALKBOARD LARGE,13,2023-05-10 10:34:00,4.95,1014.0,United Kingdom
536153,ALARM CLOCK BAKELIKE GREEN,11,2023-05-10 10:34:00,3.75,1014.0,United Kingdom
536153,JUMBO BAG RED RETROSPOT,22,2023-05-10 10:34:00,2.08,1014.0,United Kingdom
536153,WHITE HANGING HEART T-LIGHT HOLDER,14,2023-05-10 10:34:00,2.95,1014.0,United Kingdom
536153,REGENCY CAKESTAND 3 TIER,22,2023-05-10 10:34:00,12.75,1014.0,United Kingdom
536154,ASSORTED COLOUR BIRD ORNAMENT,12,2023-05-27 10:34:00,1.69,1014.0,United Kingdom
536154,NATURAL SLATE CHALKBOARD LARGE,5,2023-05-27 10:34:00,4.95,1014.0,United Kingdom
536154,VINTAGE SNAP CARDS,21,2023-05-27 10:34:00,0.85,1014.0,United Kingdom
536154,LUNCH BAG RED RETROSPOT,22,2023-05-27 10:34:00,1.65,1014.0,United Kingdom
536154,PAPER CHAIN KIT 50'S CHRISTMAS,9,2023-05-27 10:34:00,2.95,1014.0,United Kingdom
536154,JUMBO BAG RED RETROSPOT,24,2023-05-27 10:34:00,2.08,1014.0,United Kingdom
536154,ALARM CLOCK BAKELIKE RED,17,2023-05-27 10:34:00,3.75,1014.0,United Kingdom
536155,DOORMAT AIRMAIL,17,2023-06-15 10:34:00,7.95,1014.0,United Kingdom
536155,WHITE HANGING HEART T-LIGHT HOLDER,8,2023-06-15 10:34:00,2.95,1014.0,United Kingdom
536155,PACK OF 72 RETROSPOT CAKE CASES,13,2023-06-15 10:34:00,0.55,1014.0,United Kingdom
536155,WOODEN PICTURE FRAME WHITE FINISH,16,2023-06-15 10:34:00,2.55,1014.0,United Kingdom
536155,ASSORTED COLOUR BIRD ORNAMENT,9,2023-06-15 10:34:00,1.69,1014.0,United Kingdom
536155,ALARM CLOCK BAKELIKE GREEN,21,2023-06-15 10:34:00,3.75,1014.0,United Kingdom
536155,JUMBO BAG RED RETROSPOT,19,2023-06-15 10:34:00,2.08,1014.0,United Kingdom
536156,NATURAL SLATE CHALKBOARD LARGE,5,2023-07-03 10:34:00,4.95,1014.0,United Kingdom
536156,VINTAGE SNAP CARDS,21,2023-07-03 10:34:00,0.85,1014.0,United Kingdom
536156,LUNCH BAG RED RETROSPOT,17,2023-07-03 10:34:00,1.65,1014.0,United Kingdom
536156,WOODEN STAR CHRISTMAS DECORATION,17,2023-07-03 10:34:00,0.85,1014.0,United Kingdom
536157,ALARM CLOCK BAKELIKE RED,24,2023-07-21 10:34:00,3.75,1014.0,United Kingdom
536157,LUNCH BAG RED RETROSPOT,6,2023-07-21 10:34:00,1.65,1014.0,United Kingdom
536157,WOODEN PICTURE FRAME WHITE FINISH,18,2023-07-21 10:34:00,2.55,1014.0,United Kingdom
536157,NATURAL SLATE CHALKBOARD LARGE,15,2023-07-21 10:34:00,4.95,1014.0,United Kingdom
536157,HEART OF WICKER SMALL,6,2023-07-21 10:34:00,1.65,1014.0,United Kingdom
536157,PARTY BUNTING,21,2023-07-21 10:34:00,4.95,1014.0,United Kingdom
536157,SET OF 3 CAKE TINS PANTRY DESIGN,10,2023-07-21 10:34:00,4.95,1014.0,United Kingdom
536158,HEART OF WICKER SMALL,6,2023-08-03 10:34:00,1.65,1014.0,United Kingdom
536158,WOODEN PICTURE FRAME WHITE FINISH,10,2023-08-03 10:34:00,2.55,1014.0,United Kingdom
536158,WHITE HANGING HEART T-LIGHT HOLDER,22,2023-08-03 10:34:00,2.95,1014.0,United Kingdom
536159,ALARM CLOCK BAKELIKE GREEN,10,2023-08-23 10:34:00,3.75,1014.0,United Kingdom
536159,JUMBO BAG RED RETROSPOT,7,2023-08-23 10:34:00,2.08,1014.0,United Kingdom
536159,DOORMAT AIRMAIL,19,2023-08-23 10:34:00,7.95,1014.0,United Kingdom
536159,PAPER CHAIN KIT 50'S CHRISTMAS,11,2023-08-23 10:34:00,2.95,1014.0,United Kingdom
536159,ASSORTED COLOUR BIRD ORNAMENT,23,2023-08-23 10:34:00,1.69,1014.0,United Kingdom
536159,LUNCH BAG RED RETROSPOT,10,2023-08-23 10:34:00,1.65,1014.0,United Kingdom
536159,POSTAGE,16,2023-08-23 10:34:00,3.75,1014.0,United Kingdom
536159,PARTY BUNTING,11,2023-08-23 10:34:00,4.95,1014.0,United Kingdom
536160,ASSORTED COLOUR BIRD ORNAMENT,15,2023-09-06 10:34:00,1.69,1014.0,United Kingdom
536160,VINTAGE SNAP CARDS,20,2023-09-06 10:34:00,0.85,1014.0,United Kingdom
536160,WOODEN PICTURE FRAME WHITE FINISH,19,2023-09-06 10:34:00,2.55,1014.0,United Kingdom
536160,WOODEN STAR CHRISTMAS DECORATION,18,2023-09-06 10:34:00,0.85,1014.0,United Kingdom
536160,PACK OF 72 RETROSPOT CAKE CASES,7,2023-09-06 10:34:00,0.55,1014.0,United Kingdom
536160,LUNCH BAG RED RETROSPOT,19,2023-09-06 10:34:00,1.65,1014.0,United Kingdom
536160,ALARM CLOCK BAKELIKE RED,14,2023-09-06 10:34:00,3.75,1014.0,United Kingdom
536161,PACK OF 72 RETROSPOT CAKE CASES,22,2023-09-26 10:34:00,0.55,1014.0,United Kingdom
536161,ASSORTED COLOUR BIRD ORNAMENT,11,2023-09-26 10:34:00,1.69,1014.0,United Kingdom
536161,RED RETROSPOT CHARLOTTE BAG,8,2023-09-26 10:34:00,0.85,1014.0,United Kingdom
536161,WHITE HANGING HEART T-LIGHT HOLDER,4,2023-09-26 10:34:00,2.95,1014.0,United Kingdom
536162,ALARM CLOCK BAKELIKE GREEN,10,2023-10-09 10:34:00,3.75,1014.0,United Kingdom
536162,PAPER CHAIN KIT 50'S CHRISTMAS,14,2023-10-09 10:34:00,2.95,1014.0,United Kingdom
536162,RED RETROSPOT CHARLOTTE BAG,11,2023-10-09 10:34:00,0.85,1014.0,United Kingdom
536162,VINTAGE SNAP CARDS,16,2023-10-09 10:34:00,0.85,1014.0,United Kingdom
536162,LUNCH BAG RED RETROSPOT,22,2023-10-09 10:34:00,1.65,1014.0,United Kingdom
536163,DOORMAT AIRMAIL,19,2023-10-24 10:34:00,7.95,1014.0,United Kingdom
536163,ALARM CLOCK BAKELIKE GREEN,24,2023-10-24 10:34:00,3.75,1014.0,United Kingdom
536163,ASSORTED COLOUR BIRD ORNAMENT,19,2023-10-24 10:34:00,1.69,1014.0,United Kingdom
536163,HEART OF WICKER SMALL,18,2023-10-24 10:34:00,1.65,1014.0,United Kingdom
536164,PACK OF 72 RETROSPOT CAKE CASES,9,2023-11-15 10:34:00,0.55,1014.0,United Kingdom
536164,SET OF 3 CAKE TINS PANTRY DESIGN,21,2023-11-15 10:34:00,4.95,1014.0,United Kingdom
536164,LUNCH BAG RED RETROSPOT,24,2023-11-15 10:34:00,1.65,1014.0,United Kingdom
536164,DOORMAT AIRMAIL,5,2023-11-15 10:34:00,7.95,1014.0,United Kingdom
536165,WHITE HANGING HEART T-LIGHT HOLDER,21,2023-02-19 09:53:00,2.95,1015.0,United Kingdom
536165,DOORMAT AIRMAIL,21,2023-02-19 09:53:00,7.95,1015.0,United Kingdom
536165,PAPER CHAIN KIT 50'S CHRISTMAS,17,2023-02-19 09:53:00,2.95,1015.0,United Kingdom
536165,POSTAGE,4,2023-02-19 09:53:00,3.75,1015.0,United Kingdom
536165,ALARM CLOCK BAKELIKE RED,4,2023-02-19 09:53:00,3.75,1015.0,United Kingdom
536166,HEART OF WICKER SMALL,7,2023-03-23 09:53:00,1.65,1015.0,United Kingdom
536166,ALARM CLOCK BAKELIKE GREEN,7,2023-03-23 09:53:00,3.75,1015.0,United Kingdom
536166,VINTAGE SNAP CARDS,20,2023-03-23 09:53:00,0.85,1015.0,United Kingdom
536166,POSTAGE,8,2023-03-23 09:53:00,3.75,1015.0,United Kingdom
536166,RED RETROSPOT CHARLOTTE BAG,11,2023-03-23 09:53:00,0.85,1015.0,United Kingdom
536166,WOODEN PICTURE FRAME WHITE FINISH,10,2023-03-23 09:53:00,2.55,1015.0,United Kingdom
536166,REGENCY CAKESTAND 3 TIER,23,2023-03-23 09:53:00,12.75,1015.0,United Kingdom
536167,HEART OF WICKER SMALL,18,2023-04-26 09:53:00,1.65,1015.0,United Kingdom
536167,PACK OF 72 RETROSPOT CAKE CASES,22,2023-04-26 09:53:00,0.55,1015.0,United Kingdom
536167,HAND WARMER OWL DESIGN,11,2023-04-26 09:53:00,2.1,1015.0,United Kingdom
536167,WOODEN PICTURE FRAME WHITE FINISH,11,2023-04-26 09:53:00,2.55,1015.0,United Kingdom
536167,REGENCY CAKESTAND 3 TIER,13,2023-04-26 09:53:00,12.75,1015.0,United Kingdom
536167,SET OF 3 CAKE TINS PANTRY DESIGN,6,2023-04-26 09:53:00,4.95,1015.0,United Kingdom
536167,JUMBO BAG RED RETROSPOT,24,2023-04-26 09:53:00,2.08,1015.0,United Kingdom
536168,WHITE HANGING HEART T-LIGHT HOLDER,24,2023-05-27 09:53:00,2.95,1015.0,United Kingdom
536168,REGENCY CAKESTAND 3 TIER,4,2023-05-27 09:53:00,12.75,1015.0,United Kingdom
536168,WOODEN PICTURE FRAME WHITE FINISH,9,2023-05-27 09:53:00,2.55,1015.0,United Kingdom
536168,ALARM CLOCK BAKELIKE GREEN,6,2023-05-27 09:53:00,3.75,1015.0,United Kingdom
536168,ALARM CLOCK BAKELIKE RED,19,2023-05-27 09:53:00,3.75,1015.0,United Kingdom
536168,HEART OF WICKER SMALL,17,2023-05-27 09:53:00,1.65,1015.0,United Kingdom
536168,NATURAL SLATE CHALKBOARD LARGE,24,2023-05-27 09:53:00,4.95,1015.0,United Kingdom
536168,POSTAGE,14,2023-05-27 09:53:00,3.75,1015.0,United Kingdom
536169,PARTY BUNTING,22,2023-07-02 09:53:00,4.95,1015.0,United Kingdom
536169,ALARM CLOCK BAKELIKE RED,19,2023-07-02 09:53:00,3.75,1015.0,United Kingdom
536169,WHITE HANGING HEART T-LIGHT HOLDER,12,2023-07-02 09:53:00,2.95,1015.0,United Kingdom
536169,NATURAL SLATE CHALKBOARD LARGE,5,2023-07-02 09:53:00,4.95,1015.0,United Kingdom
536169,JUMBO BAG RED RETROSPOT,6,2023-07-02 09:53:00,2.08,1015.0,United Kingdom
536169,WOODEN STAR CHRISTMAS DECORATION,12,2023-07-02 09:53:00,0.85,1015.0,United Kingdom
536169,RED RETROSPOT CHARLOTTE BAG,21,2023-07-02 09:53:00,0.85,1015.0,United Kingdom
536170,WHITE HANGING HEART T-LIGHT HOLDER,16,2023-08-01 09:53:00,2.95,1015.0,United Kingdom
536170,SET OF 3 CAKE TINS PANTRY DESIGN,6,2023-08-01 09:53:00,4.95,1015.0,United Kingdom
536170,ASSORTED COLOUR BIRD ORNAMENT,13,2023-08-01 09:53:00,1.69,1015.0,United Kingdom
536170,POSTAGE,9,2023-08-01 09:53:00,3.75,1015.0,United Kingdom
536170,JUMBO BAG RED RETROSPOT,22,2023-08-01 09:53:00,2.08,1015.0,United Kingdom
536170,VINTAGE SNAP CARDS,11,2023-08-01 09:53:00,0.85,1015.0,United Kingdom
536170,REGENCY CAKESTAND 3 TIER,22,2023-08-01 09:53:00,12.75,1015.0,United Kingdom
536171,ALARM CLOCK BAKELIKE GREEN,15,2023-09-06 09:53:00,3.75,1015.0,United Kingdom
536171,ASSORTED COLOUR BIRD ORNAMENT,5,2023-09-06 09:53:00,1.69,1015.0,United Kingdom
536171,WOODEN PICTURE FRAME WHITE FINISH,7,2023-09-06 09:53:00,2.55,1015.0,United Kingdom
536171,LUNCH BAG RED RETROSPOT,17,2023-09-06 09:53:00,1.65,1015.0,United Kingdom
536171,REGENCY CAKESTAND 3 TIER,11,2023-09-06 09:53:00,12.75,1015.0,United Kingdom
536171,HEART OF WICKER SMALL,6,2023-09-06 09:53:00,1.65,1015.0,United Kingdom
536172,HAND WARMER OWL DESIGN,18,2023-10-05 09:53:00,2.1,1015.0,United Kingdom
536172,WOODEN PICTURE FRAME WHITE FINISH,19,2023-10-05 09:53:00,2.55,1015.0,United Kingdom
536172,ASSORTED COLOUR BIRD ORNAMENT,11,2023-10-05 09:53:00,1.69,1015.0,United Kingdom
536172,POSTAGE,15,2023-10-05 09:53:00,3.75,1015.0,United Kingdom
536172,HEART OF WICKER SMALL,21,2023-10-05 09:53:00,1.65,1015.0,United Kingdom
536173,RED RETROSPOT CHARLOTTE BAG,11,2023-11-10 09:53:00,0.85,1015.0,United Kingdom
536173,SET OF 3 CAKE TINS PANTRY DESIGN,6,2023-11-10 09:53:00,4.95,1015.0,United Kingdom
536173,WOODEN PICTURE FRAME WHITE FINISH,6,2023-11-10 09:53:00,2.55,1015.0,United Kingdom
536173,REGENCY CAKESTAND 3 TIER,12,2023-11-10 09:53:00,12.75,1015.0,United Kingdom
536173,VINTAGE SNAP CARDS,8,2023-11-10 09:53:00,0.85,1015.0,United Kingdom
536173,ALARM CLOCK BAKELIKE GREEN,16,2023-11-10 09:53:00,3.75,1015.0,United Kingdom
536174,WOODEN STAR CHRISTMAS DECORATION,3,2023-05-23 11:47:00,0.85,1016.0,United Kingdom
536174,ALARM CLOCK BAKELIKE GREEN,2,2023-05-23 11:47:00,3.75,1016.0,United Kingdom
536174,PAPER CHAIN KIT 50'S CHRISTMAS,3,2023-05-23 11:47:00,2.95,1016.0,United Kingdom
536174,ALARM CLOCK BAKELIKE RED,7,2023-05-23 11:47:00,3.75,1016.0,United Kingdom
536174,RED RETROSPOT CHARLOTTE BAG,10,2023-05-23 11:47:00,0.85,1016.0,United Kingdom
536175,HAND WARMER OWL DESIGN,8,2023-06-17 11:47:00,2.1,1016.0,United Kingdom
536175,ASSORTED COLOUR BIRD ORNAMENT,2,2023-06-17 11:47:00,1.69,1016.0,United Kingdom
536176,RED RETROSPOT CHARLOTTE BAG,10,2023-07-21 11:47:00,0.85,1016.0,United Kingdom
536176,WOODEN PICTURE FRAME WHITE FINISH,4,2023-07-21 11:47:00,2.55,1016.0,United Kingdom
536176,REGENCY CAKESTAND 3 TIER,8,2023-07-21 11:47:00,12.75,1016.0,United Kingdom
536176,NATURAL SLATE CHALKBOARD LARGE,4,2023-07-21 11:47:00,4.95,1016.0,United Kingdom
536177,HEART OF WICKER SMALL,9,2023-08-15 11:47:00,1.65,1016.0,United Kingdom
536177,VINTAGE SNAP CARDS,4,2023-08-15 11:47:00,0.85,1016.0,United Kingdom
536177,HAND WARMER OWL DESIGN,3,2023-08-15 11:47:00,2.1,1016.0,United Kingdom
536178,RED RETROSPOT CHARLOTTE BAG,6,2023-09-14 11:47:00,0.85,1016.0,United Kingdom
536178,HEART OF WICKER SMALL,9,2023-09-14 11:47:00,1.65,1016.0,United Kingdom
536178,HAND WARMER OWL DESIGN,3,2023-09-14 11:47:00,2.1,1016.0,United Kingdom
536179,HEART OF WICKER SMALL,9,2023-10-09 11:47:00,1.65,1016.0,United Kingdom
536179,NATURAL SLATE CHALKBOARD LARGE,3,2023-10-09 11:47:00,4.95,1016.0,United Kingdom
536179,DOORMAT AIRMAIL,4,2023-10-09 11:47:00,7.95,1016.0,United Kingdom
536179,JUMBO BAG RED RETROSPOT,6,2023-10-09 11:47:00,2.08,1016.0,United Kingdom
536180,WOODEN PICTURE FRAME WHITE FINISH,8,2023-11-06 11:47:00,2.55,1016.0,United Kingdom
536180,ASSORTED COLOUR BIRD ORNAMENT,7,2023-11-06 11:47:00,1.69,1016.0,United Kingdom
536181,ASSORTED COLOUR BIRD ORNAMENT,8,2023-01-13 14:27:00,1.69,1017.0,United Kingdom
536181,VINTAGE SNAP CARDS,6,2023-01-13 14:27:00,0.85,1017.0,United Kingdom
536181,DOORMAT AIRMAIL,8,2023-01-13 14:27:00,7.95,1017.0,United Kingdom
536181,NATURAL SLATE CHALKBOARD LARGE,7,2023-01-13 14:27:00,4.95,1017.0,United Kingdom
536181,HAND WARMER OWL DESIGN,3,2023-01-13 14:27:00,2.1,1017.0,United Kingdom
536182,PAPER CHAIN KIT 50'S CHRISTMAS,10,2023-03-21 14:27:00,2.95,1017.0,United Kingdom
536182,ALARM CLOCK BAKELIKE GREEN,2,2023-03-21 14:27:00,3.75,1017.0,United Kingdom
536182,SET OF 3 CAKE TINS PANTRY DESIGN,9,2023-03-21 14:27:00,4.95,1017.0,United Kingdom
536183,WOODEN STAR CHRISTMAS DECORATION,8,2023-05-30 14:27:00,0.85,1017.0,United Kingdom
536183,VINTAGE SNAP CARDS,9,2023-05-30 14:27:00,0.85,1017.0,United Kingdom
536183,REGENCY CAKESTAND 3 TIER,4,2023-05-30 14:27:00,12.75,1017.0,United Kingdom
536184,NATURAL SLATE CHALKBOARD LARGE,8,2023-08-01 14:27:00,4.95,1017.0,United Kingdom
536184,HEART OF WICKER SMALL,3,2023-08-01 14:27:00,1.65,1017.0,United Kingdom
536184,LUNCH BAG RED RETROSPOT,9,2023-08-01 14:27:00,1.65,1017.0,United Kingdom
536184,RED RETROSPOT CHARLOTTE BAG,9,2023-08-01 14:27:00,0.85,1017.0,United Kingdom
536185,ALARM CLOCK BAKELIKE GREEN,10,2023-10-07 14:27:00,3.75,1017.0,United Kingdom
536185,ALARM CLOCK BAKELIKE RED,3,2023-10-07 14:27:00,3.75,1017.0,United Kingdom
536185,RED RETROSPOT CHARLOTTE BAG,3,2023-10-07 14:27:00,0.85,1017.0,United Kingdom
536185,WHITE HANGING HEART T-LIGHT HOLDER,5,2023-10-07 14:27:00,2.95,1017.0,United Kingdom
536185,PACK OF 72 RETROSPOT CAKE CASES,7,2023-10-07 14:27:00,0.55,1017.0,United Kingdom
536186,ALARM CLOCK BAKELIKE RED,5,2023-03-08 09:36:00,3.75,1018.0,United Kingdom
536186,HAND WARMER OWL DESIGN,9,2023-03-08 09:36:00,2.1,1018.0,United Kingdom
536186,ALARM CLOCK BAKELIKE GREEN,7,2023-03-08 09:36:00,3.75,1018.0,United Kingdom
536187,WOODEN STAR CHRISTMAS DECORATION,2,2023-04-29 09:36:00,0.85,1018.0,United Kingdom
536187,PAPER CHAIN KIT 50'S CHRISTMAS,9,2023-04-29 09:36:00,2.95,1018.0,United Kingdom
536187,ALARM CLOCK BAKELIKE RED,3,2023-04-29 09:36:00,3.75,1018.0,United Kingdom
536187,LUNCH BAG RED RETROSPOT,6,2023-04-29 09:36:00,1.65,1018.0,United Kingdom
536187,PACK OF 72 RETROSPOT CAKE CASES,8,2023-04-29 09:36:00,0.55,1018.0,United Kingdom
536188,PARTY BUNTING,7,2023-06-27 09:36:00,4.95,1018.0,United Kingdom
536188,LUNCH BAG RED RETROSPOT,6,2023-06-27 09:36:00,1.65,1018.0,United Kingdom
536189,WOODEN STAR CHRISTMAS DECORATION,7,2023-08-18 09:36:00,0.85,1018.0,United Kingdom
536189,JUMBO BAG RED RETROSPOT,9,2023-08-18 09:36:00,2.08,1018.0,United Kingdom
536189,ALARM CLOCK BAKELIKE RED,3,2023-08-18 09:36:00,3.75,1018.0,United Kingdom
536189,DOORMAT AIRMAIL,9,2023-08-18 09:36:00,7.95,1018.0,United Kingdom
536190,ASSORTED COLOUR BIRD ORNAMENT,2,2023-10-13 09:36:00,1.69,1018.0,United Kingdom
536190,REGENCY CAKESTAND 3 TIER,7,2023-10-13 09:36:00,12.75,1018.0,United Kingdom
536190,VINTAGE SNAP CARDS,3,2023-10-13 09:36:00,0.85,1018.0,United Kingdom
536190,WHITE HANGING HEART T-LIGHT HOLDER,4,2023-10-13 09:36:00,2.95,1018.0,United Kingdom
536190,PARTY BUNTING,5,2023-10-13 09:36:00,4.95,1018.0,United Kingdom
536191,WOODEN STAR CHRISTMAS DECORATION,8,2023-01-17 11:35:00,0.85,1019.0,Germany
536191,PAPER CHAIN KIT 50'S CHRISTMAS,2,2023-01-17 11:35:00,2.95,1019.0,Germany
536191,RED RETROSPOT CHARLOTTE BAG,5,2023-01-17 11:35:00,0.85,1019.0,Germany
536192,HEART OF WICKER SMALL,10,2023-02-28 11:35:00,1.65,1019.0,Germany
536192,REGENCY CAKESTAND 3 TIER,4,2023-02-28 11:35:00,12.75,1019.0,Germany
536192,PARTY BUNTING,7,2023-02-28 11:35:00,4.95,1019.0,Germany
536193,JUMBO BAG RED RETROSPOT,9,2023-04-05 11:35:00,2.08,1019.0,Germany
536193,WOODEN STAR CHRISTMAS DECORATION,10,2023-04-05 11:35:00,0.85,1019.0,Germany
536193,PARTY BUNTING,7,2023-04-05 11:35:00,4.95,1019.0,Germany
536193,HEART OF WICKER SMALL,8,2023-04-05 11:35:00,1.65,1019.0,Germany
536194,PAPER CHAIN KIT 50'S CHRISTMAS,4,2023-05-16 11:35:00,2.95,1019.0,Germany
536194,PARTY BUNTING,6,2023-05-16 11:35:00,4.95,1019.0,Germany
536194,PACK OF 72 RETROSPOT CAKE CASES,3,2023-05-16 11:35:00,0.55,1019.0,Germany
536194,ALARM CLOCK BAKELIKE GREEN,4,2023-05-16 11:35:00,3.75,1019.0,Germany
536194,WOODEN STAR CHRISTMAS DECORATION,7,2023-05-16 11:35:00,0.85,1019.0,Germany
536195,NATURAL SLATE CHALKBOARD LARGE,3,2023-06-24 11:35:00,4.95,1019.0,Germany
536195,VINTAGE SNAP CARDS,4,2023-06-24 11:35:00,0.85,1019.0,Germany
536196,LUNCH BAG RED RETROSPOT,4,2023-08-05 11:35:00,1.65,1019.0,Germany
536196,ALARM CLOCK BAKELIKE RED,8,2023-08-05 11:35:00,3.75,1019.0,Germany
536196,WOODEN PICTURE FRAME WHITE FINISH,8,2023-08-05 11:35:00,2.55,1019.0,Germany
536196,RED RETROSPOT CHARLOTTE BAG,4,2023-08-05 11:35:00,0.85,1019.0,Germany
536197,ALARM CLOCK BAKELIKE GREEN,6,2023-09-13 11:35:00,3.75,1019.0,Germany
536197,SET OF 3 CAKE TINS PANTRY DESIGN,4,2023-09-13 11:35:00,4.95,1019.0,Germany
536197,HAND WARMER OWL DESIGN,4,2023-09-13 11:35:00,2.1,1019.0,Germany
536197,PAPER CHAIN KIT 50'S CHRISTMAS,7,2023-09-13 11:35:00,2.95,1019.0,Germany
536197,DOORMAT AIRMAIL,9,2023-09-13 11:35:00,7.95,1019.0,Germany
536198,PACK OF 72 RETROSPOT CAKE CASES,9,2023-10-21 11:35:00,0.55,1019.0,Germany
536198,POSTAGE,4,2023-10-21 11:35:00,3.75,1019.0,Germany
536199,VINTAGE SNAP CARDS,5,2023-03-07 15:35:00,0.85,1020.0,United Kingdom
536199,WHITE HANGING HEART T-LIGHT HOLDER,10,2023-03-07 15:35:00,2.95,1020.0,United Kingdom
536199,HEART OF WICKER SMALL,6,2023-03-07 15:35:00,1.65,1020.0,United Kingdom
536200,WOODEN STAR CHRISTMAS DECORATION,10,2023-04-22 15:35:00,0.85,1020.0,United Kingdom
536200,PAPER CHAIN KIT 50'S CHRISTMAS,10,2023-04-22 15:35:00,2.95,1020.0,United Kingdom
536200,DOORMAT AIRMAIL,3,2023-04-22 15:35:00,7.95,1020.0,United Kingdom
536201,HEART OF WICKER SMALL,7,2023-06-08 15:35:00,1.65,1020.0,United Kingdom
536201,ALARM CLOCK BAKELIKE GREEN,10,2023-06-08 15:35:00,3.75,1020.0,United Kingdom
536202,WOODEN STAR CHRISTMAS DECORATION,5,2023-07-23 15:35:00,0.85,1020.0,United Kingdom
536202,ALARM CLOCK BAKELIKE GREEN,8,2023-07-23 15:35:00,3.75,1020.0,United Kingdom
536203,NATURAL SLATE CHALKBOARD LARGE,2,2023-09-05 15:35:00,4.95,1020.0,United Kingdom
536203,VINTAGE SNAP CARDS,9,2023-09-05 15:35:00,0.85,1020.0,United Kingdom
536204,PACK OF 72 RETROSPOT CAKE CASES,5,2023-10-24 15:35:00,0.55,1020.0,United Kingdom
536204,REGENCY CAKESTAND 3 TIER,5,2023-10-24 15:35:00,12.75,1020.0,United Kingdom
536204,WOODEN STAR CHRISTMAS DECORATION,7,2023-10-24 15:35:00,0.85,1020.0,United Kingdom
536204,PARTY BUNTING,8,2023-10-24 15:35:00,4.95,1020.0,United Kingdom
536205,ALARM CLOCK BAKELIKE RED,2,2023-02-07 11:50:00,3.75,1021.0,United Kingdom
536205,PARTY BUNTING,6,2023-02-07 11:50:00,4.95,1021.0,United Kingdom
536205,LUNCH BAG RED RETROSPOT,4,2023-02-07 11:50:00,1.65,1021.0,United Kingdom
536205,RED RETROSPOT CHARLOTTE BAG,4,2023-02-07 11:50:00,0.85,1021.0,United Kingdom
536206,LUNCH BAG RED RETROSPOT,8,2023-03-21 11:50:00,1.65,1021.0,United Kingdom
536206,ASSORTED COLOUR BIRD ORNAMENT,9,2023-03-21 11:50:00,1.69,1021.0,United Kingdom
536206,NATURAL SLATE CHALKBOARD LARGE,4,2023-03-21 11:50:00,4.95,1021.0,United Kingdom
536207,RED RETROSPOT CHARLOTTE BAG,3,2023-05-03 11:50:00,0.85,1021.0,United Kingdom
536207,WOODEN PICTURE FRAME WHITE FINISH,8,2023-05-03 11:50:00,2.55,1021.0,United Kingdom
536207,WOODEN STAR CHRISTMAS DECORATION,10,2023-05-03 11:50:00,0.85,1021.0,United Kingdom
536207,REGENCY CAKESTAND 3 TIER,6,2023-05-03 11:50:00,12.75,1021.0,United Kingdom
536208,WOODEN STAR CHRISTMAS DECORATION,3,2023-06-15 11:50:00,0.85,1021.0,United Kingdom
536208,DOORMAT AIRMAIL,9,2023-06-15 11:50:00,7.95,1021.0,United Kingdom
536208,ASSORTED COLOUR BIRD ORNAMENT,7,2023-06-15 11:50:00,1.69,1021.0,United Kingdom
536208,POSTAGE,3,2023-06-15 11:50:00,3.75,1021.0,United Kingdom
536209,JUMBO BAG RED RETROSPOT,7,2023-07-26 11:50:00,2.08,1021.0,United Kingdom
536209,RED RETROSPOT CHARLOTTE BAG,6,2023-07-26 11:50:00,0.85,1021.0,United Kingdom
536209,HAND WARMER OWL DESIGN,7,2023-07-26 11:50:00,2.1,1021.0,United Kingdom
536209,DOORMAT AIRMAIL,10,2023-07-26 11:50:00,7.95,1021.0,United Kingdom
536209,HEART OF WICKER SMALL,4,2023-07-26 11:50:00,1.65,1021.0,United Kingdom
536210,ASSORTED COLOUR BIRD ORNAMENT,2,2023-09-11 11:50:00,1.69,1021.0,United Kingdom
536210,WHITE HANGING HEART T-LIGHT HOLDER,3,2023-09-11 11:50:00,2.95,1021.0,United Kingdom
536210,PAPER CHAIN KIT 50'S CHRISTMAS,4,2023-09-11 11:50:00,2.95,1021.0,United Kingdom
536210,PARTY BUNTING,9,2023-09-11 11:50:00,4.95,1021.0,United Kingdom
536210,WOODEN STAR CHRISTMAS DECORATION,9,2023-09-11 11:50:00,0.85,1021.0,United Kingdom
536211,RED RETROSPOT CHARLOTTE BAG,4,2023-10-20 11:50:00,0.85,1021.0,United Kingdom
536211,JUMBO BAG RED RETROSPOT,6,2023-10-20 11:50:00,2.08,1021.0,United Kingdom
536212,POSTAGE,9,2023-01-05 13:05:00,3.75,1022.0,United Kingdom
536212,JUMBO BAG RED RETROSPOT,3,2023-01-05 13:05:00,2.08,1022.0,United Kingdom
536213,PAPER CHAIN KIT 50'S CHRISTMAS,9,2023-02-11 13:05:00,2.95,1022.0,United Kingdom
536213,NATURAL SLATE CHALKBOARD LARGE,2,2023-02-11 13:05:00,4.95,1022.0,United Kingdom
536213,ALARM CLOCK BAKELIKE RED,2,2023-02-11 13:05:00,3.75,1022.0,United Kingdom
536214,PARTY BUNTING,3,2023-03-24 13:05:00,4.95,1022.0,United Kingdom
536214,RED RETROSPOT CHARLOTTE BAG,5,2023-03-24 13:05:00,0.85,1022.0,United Kingdom
536214,LUNCH BAG RED RETROSPOT,8,2023-03-24 13:05:00,1.65,1022.0,United Kingdom
536214,DOORMAT AIRMAIL,3,2023-03-24 13:05:00,7.95,1022.0,United Kingdom
536215,PARTY BUNTING,7,2023-04-26 13:05:00,4.95,1022.0,United Kingdom
536215,ASSORTED COLOUR BIRD ORNAMENT,6,2023-04-26 13:05:00,1.69,1022.0,United Kingdom
536216,WOODEN PICTURE FRAME WHITE FINISH,3,2023-06-05 13:05:00,2.55,1022.0,United Kingdom
536216,LUNCH BAG RED RETROSPOT,10,2023-06-05 13:05:00,1.65,1022.0,United Kingdom
536216,PAPER CHAIN KIT 50'S CHRISTMAS,2,2023-06-05 13:05:00,2.95,1022.0,United Kingdom
536217,WOODEN STAR CHRISTMAS DECORATION,4,2023-07-12 13:05:00,0.85,1022.0,United Kingdom
536217,PACK OF 72 RETROSPOT CAKE CASES,8,2023-07-12 13:05:00,0.55,1022.0,United Kingdom
536217,JUMBO BAG RED RETROSPOT,9,2023-07-12 13:05:00,2.08,1022.0,United Kingdom
536218,REGENCY CAKESTAND 3 TIER,3,2023-08-21 13:05:00,12.75,1022.0,United Kingdom
536218,PARTY BUNTING,8,2023-08-21 13:05:00,4.95,1022.0,United Kingdom
536218,LUNCH BAG RED RETROSPOT,7,2023-08-21 13:05:00,1.65,1022.0,United Kingdom
536219,ASSORTED COLOUR BIRD ORNAMENT,5,2023-09-25 13:05:00,1.69,1022.0,United Kingdom
536219,LUNCH BAG RED RETROSPOT,10,2023-09-25 13:05:00,1.65,1022.0,United Kingdom
536219,NATURAL SLATE CHALKBOARD LARGE,6,2023-09-25 13:05:00,4.95,1022.0,United Kingdom
536219,HEART OF WICKER SMALL,2,2023-09-25 13:05:00,1.65,1022.0,United Kingdom
536219,REGENCY CAKESTAND 3 TIER,6,2023-09-25 13:05:00,12.75,1022.0,United Kingdom
536220,ALARM CLOCK BAKELIKE RED,8,2023-11-04 13:05:00,3.75,1022.0,United Kingdom
536220,HAND WARMER OWL DESIGN,6,2023-11-04 13:05:00,2.1,1022.0,United Kingdom
536220,JUMBO BAG RED RETROSPOT,2,2023-11-04 13:05:00,2.08,1022.0,United Kingdom
536221,WOODEN PICTURE FRAME WHITE FINISH,7,2023-05-08 16:24:00,2.55,1023.0,United Kingdom
536221,PAPER CHAIN KIT 50'S CHRISTMAS,10,2023-05-08 16:24:00,2.95,1023.0,United Kingdom
536221,RED RETROSPOT CHARLOTTE BAG,4,2023-05-08 16:24:00,0.85,1023.0,United Kingdom
536222,REGENCY CAKESTAND 3 TIER,5,2023-06-12 16:24:00,12.75,1023.0,United Kingdom
536222,POSTAGE,2,2023-06-12 16:24:00,3.75,1023.0,United Kingdom
536222,HAND WARMER OWL DESIGN,2,2023-06-12 16:24:00,2.1,1023.0,United Kingdom
536222,PAPER CHAIN KIT 50'S CHRISTMAS,8,2023-06-12 16:24:00,2.95,1023.0,United Kingdom
536222,HEART OF WICKER SMALL,10,2023-06-12 16:24:00,1.65,1023.0,United Kingdom
536223,ALARM CLOCK BAKELIKE RED,3,2023-07-16 16:24:00,3.75,1023.0,United Kingdom
536223,RED RETROSPOT CHARLOTTE BAG,10,2023-07-16 16:24:00,0.85,1023.0,United Kingdom
536223,PAPER CHAIN KIT 50'S CHRISTMAS,10,2023-07-16 16:24:00,2.95,1023.0,United Kingdom
536223,WOODEN PICTURE FRAME WHITE FINISH,4,2023-07-16 16:24:00,2.55,1023.0,United Kingdom
536224,REGENCY CAKESTAND 3 TIER,5,2023-08-22 16:24:00,12.75,1023.0,United Kingdom
536224,VINTAGE SNAP CARDS,4,2023-08-22 16:24:00,0.85,1023.0,United Kingdom
536224,HAND WARMER OWL DESIGN,10,2023-08-22 16:24:00,2.1,1023.0,United Kingdom
536224,ALARM CLOCK BAKELIKE RED,7,2023-08-22 16:24:00,3.75,1023.0,United Kingdom
536225,PAPER CHAIN KIT 50'S CHRISTMAS,2,2023-09-25 16:24:00,2.95,1023.0,United Kingdom
536225,REGENCY CAKESTAND 3 TIER,5,2023-09-25 16:24:00,12.75,1023.0,United Kingdom
536225,VINTAGE SNAP CARDS,3,2023-09-25 16:24:00,0.85,1023.0,United Kingdom
536225,RED RETROSPOT CHARLOTTE BAG,8,2023-09-25 16:24:00,0.85,1023.0,United Kingdom
536225,NATURAL SLATE CHALKBOARD LARGE,3,2023-09-25 16:24:00,4.95,1023.0,United Kingdom
536226,HAND WARMER OWL DESIGN,2,2023-10-30 16:24:00,2.1,1023.0,United Kingdom
536226,WHITE HANGING HEART T-LIGHT HOLDER,4,2023-10-30 16:24:00,2.95,1023.0,United Kingdom
536226,VINTAGE SNAP CARDS,2,2023-10-30 16:24:00,0.85,1023.0,United Kingdom
536226,SET OF 3 CAKE TINS PANTRY DESIGN,4,2023-10-30 16:24:00,4.95,1023.0,United Kingdom
536226,PARTY BUNTING,9,2023-10-30 16:24:00,4.95,1023.0,United Kingdom
536227,HEART OF WICKER SMALL,9,2023-04-11 17:33:00,1.65,1024.0,United Kingdom
536227,ALARM CLOCK BAKELIKE RED,9,2023-04-11 17:33:00,3.75,1024.0,United Kingdom
536227,REGENCY CAKESTAND 3 TIER,10,2023-04-11 17:33:00,12.75,1024.0,United Kingdom
536227,HAND WARMER OWL DESIGN,7,2023-04-11 17:33:00,2.1,1024.0,United Kingdom
536227,ALARM CLOCK BAKELIKE GREEN,2,2023-04-11 17:33:00,3.75,1024.0,United Kingdom
536228,PAPER CHAIN KIT 50'S CHRISTMAS,3,2023-05-14 17:33:00,2.95,1024.0,United Kingdom
536228,SET OF 3 CAKE TINS PANTRY DESIGN,3,2023-05-14 17:33:00,4.95,1024.0,United Kingdom
536228,PACK OF 72 RETROSPOT CAKE CASES,5,2023-05-14 17:33:00,0.55,1024.0,United Kingdom
536228,HAND WARMER OWL DESIGN,10,2023-05-14 17:33:00,2.1,1024.0,United Kingdom
536228,HEART OF WICKER SMALL,2,2023-05-14 17:33:00,1.65,1024.0,United Kingdom
536229,POSTAGE,2,2023-06-22 17:33:00,3.75,1024.0,United Kingdom
536229,NATURAL SLATE CHALKBOARD LARGE,9,2023-06-22 17:33:00,4.95,1024.0,United Kingdom
536230,WOODEN PICTURE FRAME WHITE FINISH,10,2023-07-24 17:33:00,2.55,1024.0,United Kingdom
536230,LUNCH BAG RED RETROSPOT,8,2023-07-24 17:33:00,1.65,1024.0,United Kingdom
536230,SET OF 3 CAKE TINS PANTRY DESIGN,5,2023-07-24 17:33:00,4.95,1024.0,United Kingdom
536230,WHITE HANGING HEART T-LIGHT HOLDER,7,2023-07-24 17:33:00,2.95,1024.0,United Kingdom
536231,RED RETROSPOT CHARLOTTE BAG,3,2023-08-31 17:33:00,0.85,1024.0,United Kingdom
536231,ASSORTED COLOUR BIRD ORNAMENT,7,2023-08-31 17:33:00,1.69,1024.0,United Kingdom
536231,HEART OF WICKER SMALL,3,2023-08-31 17:33:00,1.65,1024.0,United Kingdom
536232,SET OF 3 CAKE TINS PANTRY DESIGN,10,2023-10-04 17:33:00,4.95,1024.0,United Kingdom
536232,NATURAL SLATE CHALKBOARD LARGE,2,2023-10-04 17:33:00,4.95,1024.0,United Kingdom
536233,REGENCY CAKESTAND 3 TIER,3,2023-11-04 17:33:00,12.75,1024.0,United Kingdom
536233,WOODEN STAR CHRISTMAS DECORATION,10,2023-11-04 17:33:00,0.85,1024.0,United Kingdom
536233,VINTAGE SNAP CARDS,9,2023-11-04 17:33:00,0.85,1024.0,United Kingdom
536233,ALARM CLOCK BAKELIKE GREEN,2,2023-11-04 17:33:00,3.75,1024.0,United Kingdom
536233,ASSORTED COLOUR BIRD ORNAMENT,7,2023-11-04 17:33:00,1.69,1024.0,United Kingdom
536234,LUNCH BAG RED RETROSPOT,2,2023-05-08 13:36:00,1.65,1025.0,Netherlands
536234,POSTAGE,5,2023-05-08 13:36:00,3.75,1025.0,Netherlands
536234,RED RETROSPOT CHARLOTTE BAG,10,2023-05-08 13:36:00,0.85,1025.0,Netherlands
536235,POSTAGE,6,2023-06-10 13:36:00,3.75,1025.0,Netherlands
536235,ASSORTED COLOUR BIRD ORNAMENT,3,2023-06-10 13:36:00,1.69,1025.0,Netherlands
536235,HAND WARMER OWL DESIGN,5,2023-06-10 13:36:00,2.1,1025.0,Netherlands
536235,WOODEN PICTURE FRAME WHITE FINISH,10,2023-06-10 13:36:00,2.55,1025.0,Netherlands
536236,RED RETROSPOT CHARLOTTE BAG,4,2023-07-18 13:36:00,0.85,1025.0,Netherlands
536236,DOORMAT AIRMAIL,6,2023-07-18 13:36:00,7.95,1025.0,Netherlands
536236,WHITE HANGING HEART T-LIGHT HOLDER,3,2023-07-18 13:36:00,2.95,1025.0,Netherlands
536237,NATURAL SLATE CHALKBOARD LARGE,8,2023-08-27 13:36:00,4.95,1025.0,Netherlands
536237,ALARM CLOCK BAKELIKE RED,7,2023-08-27 13:36:00,3.75,1025.0,Netherlands
536238,REGENCY CAKESTAND 3 TIER,8,2023-10-02 13:36:00,12.75,1025.0,Netherlands
536238,PAPER CHAIN KIT 50'S CHRISTMAS,3,2023-10-02 13:36:00,2.95,1025.0,Netherlands
536238,PARTY BUNTING,2,2023-10-02 13:36:00,4.95,1025.0,Netherlands
536238,ALARM CLOCK BAKELIKE RED,8,2023-10-02 13:36:00,3.75,1025.0,Netherlands
536238,LUNCH BAG RED RETROSPOT,4,2023-10-02 13:36:00,1.65,1025.0,Netherlands
536239,VINTAGE SNAP CARDS,8,2023-11-07 13:36:00,0.85,1025.0,Netherlands
536239,HEART OF WICKER SMALL,7,2023-11-07 13:36:00,1.65,1025.0,Netherlands
536239,ASSORTED COLOUR BIRD ORNAMENT,7,2023-11-07 13:36:00,1.69,1025.0,Netherlands
536240,ALARM CLOCK BAKELIKE GREEN,5,2023-01-13 13:14:00,3.75,1026.0,United Kingdom
536240,PACK OF 72 RETROSPOT CAKE CASES,9,2023-01-13 13:14:00,0.55,1026.0,United Kingdom
536241,WOODEN STAR CHRISTMAS DECORATION,4,2023-03-10 13:14:00,0.85,1026.0,United Kingdom
536241,HEART OF WICKER SMALL,6,2023-03-10 13:14:00,1.65,1026.0,United Kingdom
536241,PARTY BUNTING,2,2023-03-10 13:14:00,4.95,1026.0,United Kingdom
536241,REGENCY CAKESTAND 3 TIER,5,2023-03-10 13:14:00,12.75,1026.0,United Kingdom
536242,LUNCH BAG RED RETROSPOT,8,2023-04-29 13:14:00,1.65,1026.0,United Kingdom
536242,REGENCY CAKESTAND 3 TIER,10,2023-04-29 13:14:00,12.75,1026.0,United Kingdom
536242,NATURAL SLATE CHALKBOARD LARGE,2,2023-04-29 13:14:00,4.95,1026.0,United Kingdom
536242,PACK OF 72 RETROSPOT CAKE CASES,6,2023-04-29 13:14:00,0.55,1026.0,United Kingdom
536243,SET OF 3 CAKE TINS PANTRY DESIGN,10,2023-06-21 13:14:00,4.95,1026.0,United Kingdom
536243,POSTAGE,10,2023-06-21 13:14:00,3.75,1026.0,United Kingdom
536243,WOODEN PICTURE FRAME WHITE FINISH,5,2023-06-21 13:14:00,2.55,1026.0,United Kingdom
536243,WOODEN STAR CHRISTMAS DECORATION,3,2023-06-21 13:14:00,0.85,1026.0,United Kingdom
536244,PARTY BUNTING,5,2023-08-16 13:14:00,4.95,1026.0,United Kingdom
536244,LUNCH BAG RED RETROSPOT,4,2023-08-16 13:14:00,1.65,1026.0,United Kingdom
536244,HAND WARMER OWL DESIGN,5,2023-08-16 13:14:00,2.1,1026.0,United Kingdom
536244,POSTAGE,8,2023-08-16 13:14:00,3.75,1026.0,United Kingdom
536244,WHITE HANGING HEART T-LIGHT HOLDER,7,2023-08-16 13:14:00,2.95,1026.0,United Kingdom
536245,PAPER CHAIN KIT 50'S CHRISTMAS,6,2023-10-07 13:14:00,2.95,1026.0,United Kingdom
536245,HAND WARMER OWL DESIGN,3,2023-10-07 13:14:00,2.1,1026.0,United Kingdom
536246,WOODEN PICTURE FRAME WHITE FINISH,4,2023-03-02 10:12:00,2.55,1027.0,Germany
536246,DOORMAT AIRMAIL,7,2023-03-02 10:12:00,7.95,1027.0,Germany
536246,POSTAGE,5,2023-03-02 10:12:00,3.75,1027.0,Germany
536246,HAND WARMER OWL DESIGN,4,2023-03-02 10:12:00,2.1,1027.0,Germany
536246,RED RETROSPOT CHARLOTTE BAG,6,2023-03-02 10:12:00,0.85,1027.0,Germany
536247,WOODEN STAR CHRISTMAS DECORATION,6,2023-04-03 10:12:00,0.85,1027.0,Germany
536247,LUNCH BAG RED RETROSPOT,9,2023-04-03 10:12:00,1.65,1027.0,Germany
536247,WHITE HANGING HEART T-LIGHT HOLDER,8,2023-04-03 10:12:00,2.95,1027.0,Germany
536247,NATURAL SLATE CHALKBOARD LARGE,10,2023-04-03 10:12:00,4.95,1027.0,Germany
536248,WHITE HANGING HEART T-LIGHT HOLDER,8,2023-05-14 10:12:00,2.95,1027.0,Germany
536248,REGENCY CAKESTAND 3 TIER,5,2023-05-14 10:12:00,12.75,1027.0,Germany
536248,HEART OF WICKER SMALL,10,2023-05-14 10:12:00,1.65,1027.0,Germany
536248,WOODEN PICTURE FRAME WHITE FINISH,5,2023-05-14 10:12:00,2.55,1027.0,Germany
536248,LUNCH BAG RED RETROSPOT,10,2023-05-14 10:12:00,1.65,1027.0,Germany
536249,WOODEN PICTURE FRAME WHITE FINISH,9,2023-06-19 10:12:00,2.55,1027.0,Germany
536249,PACK OF 72 RETROSPOT CAKE CASES,10,2023-06-19 10:12:00,0.55,1027.0,Germany
536250,PACK OF 72 RETROSPOT CAKE CASES,6,2023-07-21 10:12:00,0.55,1027.0,Germany
536250,PAPER CHAIN KIT 50'S CHRISTMAS,4,2023-07-21 10:12:00,2.95,1027.0,Germany
536250,ALARM CLOCK BAKELIKE RED,2,2023-07-21 10:12:00,3.75,1027.0,Germany
536250,ASSORTED COLOUR BIRD ORNAMENT,7,2023-07-21 10:12:00,1.69,1027.0,Germany
536250,WOODEN PICTURE FRAME WHITE FINISH,5,2023-07-21 10:12:00,2.55,1027.0,Germany
536251,HEART OF WICKER SMALL,9,2023-08-31 10:12:00,1.65,1027.0,Germany
536251,WHITE HANGING HEART T-LIGHT HOLDER,10,2023-08-31 10:12:00,2.95,1027.0,Germany
536252,PAPER CHAIN KIT 50'S CHRISTMAS,5,2023-10-01 10:12:00,2.95,1027.0,Germany
536252,NATURAL SLATE CHALKBOARD LARGE,5,2023-10-01 10:12:00,4.95,1027.0,Germany
536252,SET OF 3 CAKE TINS PANTRY DESIGN,6,2023-10-01 10:12:00,4.95,1027.0,Germany
536252,PARTY BUNTING,10,2023-10-01 10:12:00,4.95,1027.0,Germany
536253,NATURAL SLATE CHALKBOARD LARGE,8,2023-11-11 10:12:00,4.95,1027.0,Germany
536253,PAPER CHAIN KIT 50'S CHRISTMAS,7,2023-11-11 10:12:00,2.95,1027.0,Germany
536254,ALARM CLOCK BAKELIKE GREEN,3,2023-02-07 11:15:00,3.75,1028.0,United Kingdom
536254,VINTAGE SNAP CARDS,2,2023-02-07 11:15:00,0.85,1028.0,United Kingdom
536254,SET OF 3 CAKE TINS PANTRY DESIGN,5,2023-02-07 11:15:00,4.95,1028.0,United Kingdom
536254,DOORMAT AIRMAIL,5,2023-02-07 11:15:00,7.95,1028.0,United Kingdom
536254,WHITE HANGING HEART T-LIGHT HOLDER,2,2023-02-07 11:15:00,2.95,1028.0,United Kingdom
536255,POSTAGE,4,2023-03-13 11:15:00,3.75,1028.0,United Kingdom
536255,ASSORTED COLOUR BIRD ORNAMENT,7,2023-03-13 11:15:00,1.69,1028.0,United Kingdom
536255,JUMBO BAG RED RETROSPOT,2,2023-03-13 11:15:00,2.08,1028.0,United Kingdom
536255,LUNCH BAG RED RETROSPOT,2,2023-03-13 11:15:00,1.65,1028.0,United Kingdom
536255,PAPER CHAIN KIT 50'S CHRISTMAS,4,2023-03-13 11:15:00,2.95,1028.0,United Kingdom
536256,PARTY BUNTING,3,2023-04-17 11:15:00,4.95,1028.0,United Kingdom
536256,ALARM CLOCK BAKELIKE RED,7,2023-04-17 11:15:00,3.75,1028.0,United Kingdom
536256,PACK OF 72 RETROSPOT CAKE CASES,8,2023-04-17 11:15:00,0.55,1028.0,United Kingdom
536257,ASSORTED COLOUR BIRD ORNAMENT,7,2023-05-16 11:15:00,1.69,1028.0,United Kingdom
536257,VINTAGE SNAP CARDS,4,2023-05-16 11:15:00,0.85,1028.0,United Kingdom
536258,RED RETROSPOT CHARLOTTE BAG,4,2023-06-23 11:15:00,0.85,1028.0,United Kingdom
536258,DOORMAT AIRMAIL,10,2023-06-23 11:15:00,7.95,1028.0,United Kingdom
536258,ASSORTED COLOUR BIRD ORNAMENT,7,2023-06-23 11:15:00,1.69,1028.0,United Kingdom
536259,PAPER CHAIN KIT 50'S CHRISTMAS,6,2023-07-29 11:15:00,2.95,1028.0,United Kingdom
536259,SET OF 3 CAKE TINS PANTRY DESIGN,6,2023-07-29 11:15:00,4.95,1028.0,United Kingdom
536259,WOODEN PICTURE FRAME WHITE FINISH,4,2023-07-29 11:15:00,2.55,1028.0,United Kingdom
536260,POSTAGE,2,2023-08-30 11:15:00,3.75,1028.0,United Kingdom
536260,PAPER CHAIN KIT 50'S CHRISTMAS,4,2023-08-30 11:15:00,2.95,1028.0,United Kingdom
536260,WOODEN PICTURE FRAME WHITE FINISH,7,2023-08-30 11:15:00,2.55,1028.0,United Kingdom
536261,PAPER CHAIN KIT 50'S CHRISTMAS,4,2023-10-03 11:15:00,2.95,1028.0,United Kingdom
536261,PARTY BUNTING,7,2023-10-03 11:15:00,4.95,1028.0,United Kingdom
536261,DOORMAT AIRMAIL,3,2023-10-03 11:15:00,7.95,1028.0,United Kingdom
536262,PACK OF 72 RETROSPOT CAKE CASES,3,2023-11-04 11:15:00,0.55,1028.0,United Kingdom
536262,ASSORTED COLOUR BIRD ORNAMENT,7,2023-11-04 11:15:00,1.69,1028.0,United Kingdom
536262,SET OF 3 CAKE TINS PANTRY DESIGN,9,2023-11-04 11:15:00,4.95,1028.0,United Kingdom
536263,RED RETROSPOT CHARLOTTE BAG,7,2023-03-01 13:13:00,0.85,1029.0,Germany
536263,DOORMAT AIRMAIL,10,2023-03-01 13:13:00,7.95,1029.0,Germany
536263,WOODEN PICTURE FRAME WHITE FINISH,8,2023-03-01 13:13:00,2.55,1029.0,Germany
536264,DOORMAT AIRMAIL,5,2023-04-17 13:13:00,7.95,1029.0,Germany
536264,PAPER CHAIN KIT 50'S CHRISTMAS,4,2023-04-17 13:13:00,2.95,1029.0,Germany
536265,REGENCY CAKESTAND 3 TIER,6,2023-06-02 13:13:00,12.75,1029.0,Germany
536265,WHITE HANGING HEART T-LIGHT HOLDER,3,2023-06-02 13:13:00,2.95,1029.0,Germany
536265,VINTAGE SNAP CARDS,3,2023-06-02 13:13:00,0.85,1029.0,Germany
536265,POSTAGE,7,2023-06-02 13:13:00,3.75,1029.0,Germany
536265,ASSORTED COLOUR BIRD ORNAMENT,4,2023-06-02 13:13:00,1.69,1029.0,Germany
536266,SET OF 3 CAKE TINS PANTRY DESIGN,9,2023-07-14 13:13:00,4.95,1029.0,Germany
536266,REGENCY CAKESTAND 3 TIER,2,2023-07-14 13:13:00,12.75,1029.0,Germany
536266,ALARM CLOCK BAKELIKE GREEN,8,2023-07-14 13:13:00,3.75,1029.0,Germany
536266,PAPER CHAIN KIT 50'S CHRISTMAS,4,2023-07-14 13:13:00,2.95,1029.0,Germany
536266,ASSORTED COLOUR BIRD ORNAMENT,8,2023-07-14 13:13:00,1.69,1029.0,Germany
536267,WHITE HANGING HEART T-LIGHT HOLDER,5,2023-09-01 13:13:00,2.95,1029.0,Germany
536267,PARTY BUNTING,5,2023-09-01 13:13:00,4.95,1029.0,Germany
536267,ASSORTED COLOUR BIRD ORNAMENT,8,2023-09-01 13:13:00,1.69,1029.0,Germany
536268,VINTAGE SNAP CARDS,2,2023-10-17 13:13:00,0.85,1029.0,Germany
536268,HAND WARMER OWL DESIGN,8,2023-10-17 13:13:00,2.1,1029.0,Germany
536268,NATURAL SLATE CHALKBOARD LARGE,10,2023-10-17 13:13:00,4.95,1029.0,Germany
536268,PARTY BUNTING,9,2023-10-17 13:13:00,4.95,1029.0,Germany
536269,PARTY BUNTING,6,2023-04-03 09:23:00,4.95,1030.0,United Kingdom
536269,VINTAGE SNAP CARDS,3,2023-04-03 09:23:00,0.85,1030.0,United Kingdom
536269,WOODEN PICTURE FRAME WHITE FINISH,10,2023-04-03 09:23:00,2.55,1030.0,United Kingdom
536269,DOORMAT AIRMAIL,8,2023-04-03 09:23:00,7.95,1030.0,United Kingdom
536269,ALARM CLOCK BAKELIKE RED,4,2023-04-03 09:23:00,3.75,1030.0,United Kingdom
536270,WOODEN PICTURE FRAME WHITE FINISH,2,2023-05-06 09:23:00,2.55,1030.0,United Kingdom
536270,PACK OF 72 RETROSPOT CAKE CASES,6,2023-05-06 09:23:00,0.55,1030.0,United Kingdom
536270,SET OF 3 CAKE TINS PANTRY DESIGN,9,2023-05-06 09:23:00,4.95,1030.0,United Kingdom
536270,WOODEN STAR CHRISTMAS DECORATION,9,2023-05-06 09:23:00,0.85,1030.0,United Kingdom
536271,NATURAL SLATE CHALKBOARD LARGE,3,2023-06-04 09:23:00,4.95,1030.0,United Kingdom
536271,HEART OF WICKER SMALL,3,2023-06-04 09:23:00,1.65,1030.0,United Kingdom
536271,WHITE HANGING HEART T-LIGHT HOLDER,7,2023-06-04 09:23:00,2.95,1030.0,United Kingdom
536271,LUNCH BAG RED RETROSPOT,10,2023-06-04 09:23:00,1.65,1030.0,United Kingdom
536272,PAPER CHAIN KIT 50'S CHRISTMAS,10,2023-07-03 09:23:00,2.95,1030.0,United Kingdom
536272,NATURAL SLATE CHALKBOARD LARGE,8,2023-07-03 09:23:00,4.95,1030.0,United Kingdom
536272,ALARM CLOCK BAKELIKE GREEN,10,2023-07-03 09:23:00,3.75,1030.0,United Kingdom
536272,WHITE HANGING HEART T-LIGHT HOLDER,9,2023-07-03 09:23:00,2.95,1030.0,United Kingdom
536272,WOODEN PICTURE FRAME WHITE FINISH,5,2023-07-03 09:23:00,2.55,1030.0,United Kingdom
536273,VINTAGE SNAP CARDS,3,2023-07-31 09:23:00,0.85,1030.0,United Kingdom
536273,REGENCY CAKESTAND 3 TIER,9,2023-07-31 09:23:00,12.75,1030.0,United Kingdom
536273,WOODEN PICTURE FRAME WHITE FINISH,4,2023-07-31 09:23:00,2.55,1030.0,United Kingdom
536273,WHITE HANGING HEART T-LIGHT HOLDER,4,2023-07-31 09:23:00,2.95,1030.0,United Kingdom
536273,LUNCH BAG RED RETROSPOT,5,2023-07-31 09:23:00,1.65,1030.0,United Kingdom
536274,LUNCH BAG RED RETROSPOT,3,2023-08-31 09:23:00,1.65,1030.0,United Kingdom
536274,WHITE HANGING HEART T-LIGHT HOLDER,8,2023-08-31 09:23:00,2.95,1030.0,United Kingdom
536274,RED RETROSPOT CHARLOTTE BAG,5,2023-08-31 09:23:00,0.85,1030.0,United Kingdom
536275,HAND WARMER OWL DESIGN,3,2023-10-02 09:23:00,2.1,1030.0,United Kingdom
536275,HEART OF WICKER SMALL,3,2023-10-02 09:23:00,1.65,1030.0,United Kingdom
536275,ASSORTED COLOUR BIRD ORNAMENT,8,2023-10-02 09:23:00,1.69,1030.0,United Kingdom
536276,ALARM CLOCK BAKELIKE GREEN,2,2023-11-03 09:23:00,3.75,1030.0,United Kingdom
536276,ASSORTED COLOUR BIRD ORNAMENT,10,2023-11-03 09:23:00,1.69,1030.0,United Kingdom
536276,HEART OF WICKER SMALL,8,2023-11-03 09:23:00,1.65,1030.0,United Kingdom
536276,ALARM CLOCK BAKELIKE RED,3,2023-11-03 09:23:00,3.75,1030.0,United Kingdom
536276,WOODEN STAR CHRISTMAS DECORATION,8,2023-11-03 09:23:00,0.85,1030.0,United Kingdom
536277,RED RETROSPOT CHARLOTTE BAG,9,2023-02-06 11:36:00,0.85,1031.0,United Kingdom
536277,HEART OF WICKER SMALL,2,2023-02-06 11:36:00,1.65,1031.0,United Kingdom
536277,WOODEN PICTURE FRAME WHITE FINISH,4,2023-02-06 11:36:00,2.55,1031.0,United Kingdom
536277,DOORMAT AIRMAIL,6,2023-02-06 11:36:00,7.95,1031.0,United Kingdom
536278,LUNCH BAG RED RETROSPOT,5,2023-03-30 11:36:00,1.65,1031.0,United Kingdom
536278,WOODEN PICTURE FRAME WHITE FINISH,2,2023-03-30 11:36:00,2.55,1031.0,United Kingdom
536278,WHITE HANGING HEART T-LIGHT HOLDER,9,2023-03-30 11:36:00,2.95,1031.0,United Kingdom
536278,PAPER CHAIN KIT 50'S CHRISTMAS,6,2023-03-30 11:36:00,2.95,1031.0,United Kingdom
536278,ASSORTED COLOUR BIRD ORNAMENT,7,2023-03-30 11:36:00,1.69,1031.0,United Kingdom
536279,ASSORTED COLOUR BIRD ORNAMENT,6,2023-05-21 11:36:00,1.69,1031.0,United Kingdom
536279,VINTAGE SNAP CARDS,6,2023-05-21 11:36:00,0.85,1031.0,United Kingdom
536280,PARTY BUNTING,7,2023-07-09 11:36:00,4.95,1031.0,United Kingdom
536280,NATURAL SLATE CHALKBOARD LARGE,6,2023-07-09 11:36:00,4.95,1031.0,United Kingdom
536280,LUNCH BAG RED RETROSPOT,8,2023-07-09 11:36:00,1.65,1031.0,United Kingdom
536280,VINTAGE SNAP CARDS,3,2023-07-09 11:36:00,0.85,1031.0,United Kingdom
536280,WOODEN STAR CHRISTMAS DECORATION,5,2023-07-09 11:36:00,0.85,1031.0,United Kingdom
536281,JUMBO BAG RED RETROSPOT,2,2023-08-26 11:36:00,2.08,1031.0,United Kingdom
536281,RED RETROSPOT CHARLOTTE BAG,10,2023-08-26 11:36:00,0.85,1031.0,United Kingdom
536281,DOORMAT AIRMAIL,4,2023-08-26 11:36:00,7.95,1031.0,United Kingdom
536281,ALARM CLOCK BAKELIKE RED,3,2023-08-26 11:36:00,3.75,1031.0,United Kingdom
536281,PACK OF 72 RETROSPOT CAKE CASES,6,2023-08-26 11:36:00,0.55,1031.0,United Kingdom
536282,LUNCH BAG RED RETROSPOT,5,2023-10-18 11:36:00,1.65,1031.0,United Kingdom
536282,ALARM CLOCK BAKELIKE RED,2,2023-10-18 11:36:00,3.75,1031.0,United Kingdom
536282,POSTAGE,5,2023-10-18 11:36:00,3.75,1031.0,United Kingdom
536282,SET OF 3 CAKE TINS PANTRY DESIGN,2,2023-10-18 11:36:00,4.95,1031.0,United Kingdom
536282,JUMBO BAG RED RETROSPOT,9,2023-10-18 11:36:00,2.08,1031.0,United Kingdom
536283,SET OF 3 CAKE TINS PANTRY DESIGN,4,2023-05-02 14:45:00,4.95,1032.0,United Kingdom
536283,DOORMAT AIRMAIL,6,2023-05-02 14:45:00,7.95,1032.0,United Kingdom
536283,ALARM CLOCK BAKELIKE GREEN,3,2023-05-02 14:45:00,3.75,1032.0,United Kingdom
536283,PACK OF 72 RETROSPOT CAKE CASES,6,2023-05-02 14:45:00,0.55,1032.0,United Kingdom
536283,ALARM CLOCK BAKELIKE RED,2,2023-05-02 14:45:00,3.75,1032.0,United Kingdom
536284,WHITE HANGING HEART T-LIGHT HOLDER,5,2023-06-01 14:45:00,2.95,1032.0,United Kingdom
536284,SET OF 3 CAKE TINS PANTRY DESIGN,6,2023-06-01 14:45:00,4.95,1032.0,United Kingdom
536284,JUMBO BAG RED RETROSPOT,8,2023-06-01 14:45:00,2.08,1032.0,United Kingdom
536284,NATURAL SLATE CHALKBOARD LARGE,10,2023-06-01 14:45:00,4.95,1032.0,United Kingdom
536284,ALARM CLOCK BAKELIKE RED,2,2023-06-01 14:45:00,3.75,1032.0,United Kingdom
536285,DOORMAT AIRMAIL,4,2023-07-01 14:45:00,7.95,1032.0,United Kingdom
536285,LUNCH BAG RED RETROSPOT,2,2023-07-01 14:45:00,1.65,1032.0,United Kingdom
536286,HEART OF WICKER SMALL,8,2023-08-04 14:45:00,1.65,1032.0,United Kingdom
536286,VINTAGE SNAP CARDS,8,2023-08-04 14:45:00,0.85,1032.0,United Kingdom
536286,HAND WARMER OWL DESIGN,7,2023-08-04 14:45:00,2.1,1032.0,United Kingdom
536287,HEART OF WICKER SMALL,3,2023-09-02 14:45:00,1.65,1032.0,United Kingdom
536287,JUMBO BAG RED RETROSPOT,2,2023-09-02 14:45:00,2.08,1032.0,United Kingdom
536287,WOODEN STAR CHRISTMAS DECORATION,10,2023-09-02 14:45:00,0.85,1032.0,United Kingdom
536287,VINTAGE SNAP CARDS,7,2023-09-02 14:45:00,0.85,1032.0,United Kingdom
536287,WOODEN PICTURE FRAME WHITE FINISH,10,2023-09-02 14:45:00,2.55,1032.0,United Kingdom
536288,VINTAGE SNAP CARDS,7,2023-10-01 14:45:00,0.85,1032.0,United Kingdom
536288,PARTY BUNTING,6,2023-10-01 14:45:00,4.95,1032.0,United Kingdom
536288,DOORMAT AIRMAIL,7,2023-10-01 14:45:00,7.95,1032.0,United Kingdom
536288,REGENCY CAKESTAND 3 TIER,6,2023-10-01 14:45:00,12.75,1032.0,United Kingdom
536289,VINTAGE SNAP CARDS,5,2023-11-02 14:45:00,0.85,1032.0,United Kingdom
536289,JUMBO BAG RED RETROSPOT,2,2023-11-02 14:45:00,2.08,1032.0,United Kingdom
536289,LUNCH BAG RED RETROSPOT,8,2023-11-02 14:45:00,1.65,1032.0,United Kingdom
536289,ALARM CLOCK BAKELIKE RED,7,2023-11-02 14:45:00,3.75,1032.0,United Kingdom
536290,ALARM CLOCK BAKELIKE GREEN,10,2023-04-24 11:46:00,3.75,1033.0,United Kingdom
536290,DOORMAT AIRMAIL,6,2023-04-24 11:46:00,7.95,1033.0,United Kingdom
536290,PACK OF 72 RETROSPOT CAKE CASES,4,2023-04-24 11:46:00,0.55,1033.0,United Kingdom
536291,VINTAGE SNAP CARDS,4,2023-05-15 11:46:00,0.85,1033.0,United Kingdom
536291,PARTY BUNTING,6,2023-05-15 11:46:00,4.95,1033.0,United Kingdom
536291,DOORMAT AIRMAIL,10,2023-05-15 11:46:00,7.95,1033.0,United Kingdom
536292,ASSORTED COLOUR BIRD ORNAMENT,7,2023-06-10 11:46:00,1.69,1033.0,United Kingdom
536292,REGENCY CAKESTAND 3 TIER,5,2023-06-10 11:46:00,12.75,1033.0,United Kingdom
536292,NATURAL SLATE CHALKBOARD LARGE,6,2023-06-10 11:46:00,4.95,1033.0,United Kingdom
536293,ASSORTED COLOUR BIRD ORNAMENT,3,2023-07-04 11:46:00,1.69,1033.0,United Kingdom
536293,PACK OF 72 RETROSPOT CAKE CASES,9,2023-07-04 11:46:00,0.55,1033.0,United Kingdom
536293,HEART OF WICKER SMALL,2,2023-07-04 11:46:00,1.65,1033.0,United Kingdom
536293,VINTAGE SNAP CARDS,3,2023-07-04 11:46:00,0.85,1033.0,United Kingdom
536293,WOODEN STAR CHRISTMAS DECORATION,9,2023-07-04 11:46:00,0.85,1033.0,United Kingdom
536294,ALARM CLOCK BAKELIKE RED,10,2023-07-27 11:46:00,3.75,1033.0,United Kingdom
536294,PARTY BUNTING,6,2023-07-27 11:46:00,4.95,1033.0,United Kingdom
536294,WOODEN PICTURE FRAME WHITE FINISH,8,2023-07-27 11:46:00,2.55,1033.0,United Kingdom
536295,LUNCH BAG RED RETROSPOT,5,2023-08-25 11:46:00,1.65,1033.0,United Kingdom
536295,HAND WARMER OWL DESIGN,7,2023-08-25 11:46:00,2.1,1033.0,United Kingdom
536296,PAPER CHAIN KIT 50'S CHRISTMAS,3,2023-09-18 11:46:00,2.95,1033.0,United Kingdom
536296,WOODEN STAR CHRISTMAS DECORATION,9,2023-09-18 11:46:00,0.85,1033.0,United Kingdom
536296,LUNCH BAG RED RETROSPOT,7,2023-09-18 11:46:00,1.65,1033.0,United Kingdom
536296,ASSORTED COLOUR BIRD ORNAMENT,4,2023-09-18 11:46:00,1.69,1033.0,United Kingdom
536296,SET OF 3 CAKE TINS PANTRY DESIGN,7,2023-09-18 11:46:00,4.95,1033.0,United Kingdom
536297,POSTAGE,6,2023-10-10 11:46:00,3.75,1033.0,United Kingdom
536297,WOODEN STAR CHRISTMAS DECORATION,5,2023-10-10 11:46:00,0.85,1033.0,United Kingdom
536298,PAPER CHAIN KIT 50'S CHRISTMAS,3,2023-11-07 11:46:00,2.95,1033.0,United Kingdom
536298,SET OF 3 CAKE TINS PANTRY DESIGN,4,2023-11-07 11:46:00,4.95,1033.0,United Kingdom
536298,DOORMAT AIRMAIL,8,2023-11-07 11:46:00,7.95,1033.0,United Kingdom
536299,POSTAGE,5,2023-02-21 15:25:00,3.75,1034.0,United Kingdom
536299,HAND WARMER OWL DESIGN,7,2023-02-21 15:25:00,2.1,1034.0,United Kingdom
536299,NATURAL SLATE CHALKBOARD LARGE,6,2023-02-21 15:25:00,4.95,1034.0,United Kingdom
536300,PARTY BUNTING,6,2023-04-07 15:25:00,4.95,1034.0,United Kingdom
536300,WOODEN PICTURE FRAME WHITE FINISH,4,2023-04-07 15:25:00,2.55,1034.0,United Kingdom
536300,ALARM CLOCK BAKELIKE RED,3,2023-04-07 15:25:00,3.75,1034.0,United Kingdom
536301,VINTAGE SNAP CARDS,9,2023-05-26 15:25:00,0.85,1034.0,United Kingdom
536301,HAND WARMER OWL DESIGN,10,2023-05-26 15:25:00,2.1,1034.0,United Kingdom
536302,RED RETROSPOT CHARLOTTE BAG,7,2023-07-14 15:25:00,0.85,1034.0,United Kingdom
536302,LUNCH BAG RED RETROSPOT,5,2023-07-14 15:25:00,1.65,1034.0,United Kingdom
536302,ASSORTED COLOUR BIRD ORNAMENT,4,2023-07-14 15:25:00,1.69,1034.0,United Kingdom
536302,DOORMAT AIRMAIL,8,2023-07-14 15:25:00,7.95,1034.0,United Kingdom
536303,NATURAL SLATE CHALKBOARD LARGE,4,2023-08-29 15:25:00,4.95,1034.0,United Kingdom
536303,HAND WARMER OWL DESIGN,5,2023-08-29 15:25:00,2.1,1034.0,United Kingdom
536304,PAPER CHAIN KIT 50'S CHRISTMAS,4,2023-10-18 15:25:00,2.95,1034.0,United Kingdom
536304,ALARM CLOCK BAKELIKE RED,3,2023-10-18 15:25:00,3.75,1034.0,United Kingdom
536305,WHITE HANGING HEART T-LIGHT HOLDER,8,2023-01-13 09:24:00,2.95,1035.0,United Kingdom
536305,PARTY BUNTING,9,2023-01-13 09:24:00,4.95,1035.0,United Kingdom
536306,PARTY BUNTING,5,2023-03-21 09:24:00,4.95,1035.0,United Kingdom
536306,ALARM CLOCK BAKELIKE GREEN,2,2023-03-21 09:24:00,3.75,1035.0,United Kingdom
536306,HEART OF WICKER SMALL,6,2023-03-21 09:24:00,1.65,1035.0,United Kingdom
536306,DOORMAT AIRMAIL,8,2023-03-21 09:24:00,7.95,1035.0,United Kingdom
536306,LUNCH BAG RED RETROSPOT,3,2023-03-21 09:24:00,1.65,1035.0,United Kingdom
536307,HAND WARMER OWL DESIGN,10,2023-05-27 09:24:00,2.1,1035.0,United Kingdom
536307,LUNCH BAG RED RETROSPOT,3,2023-05-27 09:24:00,1.65,1035.0,United Kingdom
536307,RED RETROSPOT CHARLOTTE BAG,6,2023-05-27 09:24:00,0.85,1035.0,United Kingdom
536307,PARTY BUNTING,3,2023-05-27 09:24:00,4.95,1035.0,United Kingdom
536308,DOORMAT AIRMAIL,5,2023-07-30 09:24:00,7.95,1035.0,United Kingdom
536308,JUMBO BAG RED RETROSPOT,6,2023-07-30 09:24:00,2.08,1035.0,United Kingdom
536309,PACK OF 72 RETROSPOT CAKE CASES,4,2023-10-06 09:24:00,0.55,1035.0,United Kingdom
536309,RED RETROSPOT CHARLOTTE BAG,2,2023-10-06 09:24:00,0.85,1035.0,United Kingdom
536309,VINTAGE SNAP CARDS,10,2023-10-06 09:24:00,0.85,1035.0,United Kingdom
536310,REGENCY CAKESTAND 3 TIER,3,2023-02-15 12:44:00,12.75,1036.0,Germany
536310,ALARM CLOCK BAKELIKE RED,6,2023-02-15 12:44:00,3.75,1036.0,Germany
536310,HAND WARMER OWL DESIGN,5,2023-02-15 12:44:00,2.1,1036.0,Germany
536311,VINTAGE SNAP CARDS,4,2023-04-04 12:44:00,0.85,1036.0,Germany
536311,HEART OF WICKER SMALL,2,2023-04-04 12:44:00,1.65,1036.0,Germany
536311,WOODEN STAR CHRISTMAS DECORATION,6,2023-04-04 12:44:00,0.85,1036.0,Germany
536311,WHITE HANGING HEART T-LIGHT HOLDER,7,2023-04-04 12:44:00,2.95,1036.0,Germany
536311,PARTY BUNTING,7,2023-04-04 12:44:00,4.95,1036.0,Germany
536312,PARTY BUNTING,4,2023-05-28 12:44:00,4.95,1036.0,Germany
536312,HAND WARMER OWL DESIGN,7,2023-05-28 12:44:00,2.1,1036.0,Germany
536312,WHITE HANGING HEART T-LIGHT HOLDER,7,2023-05-28 12:44:00,2.95,1036.0,Germany
536312,POSTAGE,9,2023-05-28 12:44:00,3.75,1036.0,Germany
536312,LUNCH BAG RED RETROSPOT,6,2023-05-28 12:44:00,1.65,1036.0,Germany
536313,PACK OF 72 RETROSPOT CAKE CASES,4,2023-07-19 12:44:00,0.55,1036.0,Germany
536313,ASSORTED COLOUR BIRD ORNAMENT,3,2023-07-19 12:44:00,1.69,1036.0,Germany
536314,WOODEN PICTURE FRAME WHITE FINISH,8,2023-09-07 12:44:00,2.55,1036.0,Germany
536314,WOODEN STAR CHRISTMAS DECORATION,4,2023-09-07 12:44:00,0.85,1036.0,Germany
536314,HEART OF WICKER SMALL,3,2023-09-07 12:44:00,1.65,1036.0,Germany
536314,HAND WARMER OWL DESIGN,4,2023-09-07 12:44:00,2.1,1036.0,Germany
536314,DOORMAT AIRMAIL,2,2023-09-07 12:44:00,7.95,1036.0,Germany
536315,PARTY BUNTING,9,2023-10-26 12:44:00,4.95,1036.0,Germany
536315,RED RETROSPOT CHARLOTTE BAG,4,2023-10-26 12:44:00,0.85,1036.0,Germany
536315,DOORMAT AIRMAIL,8,2023-10-26 12:44:00,7.95,1036.0,Germany
536316,ASSORTED COLOUR BIRD ORNAMENT,3,2023-04-25 14:39:00,1.69,1037.0,United Kingdom
536316,ALARM CLOCK BAKELIKE RED,8,2023-04-25 14:39:00,3.75,1037.0,United Kingdom
536316,PAPER CHAIN KIT 50'S CHRISTMAS,5,2023-04-25 14:39:00,2.95,1037.0,United Kingdom
536317,PACK OF 72 RETROSPOT CAKE CASES,4,2023-05-19 14:39:00,0.55,1037.0,United Kingdom
536317,WOODEN PICTURE FRAME WHITE FINISH,10,2023-05-19 14:39:00,2.55,1037.0,United Kingdom
536317,LUNCH BAG RED RETROSPOT,9,2023-05-19 14:39:00,1.65,1037.0,United Kingdom
536317,WHITE HANGING HEART T-LIGHT HOLDER,9,2023-05-19 14:39:00,2.95,1037.0,United Kingdom
536317,POSTAGE,4,2023-05-19 14:39:00,3.75,1037.0,United Kingdom
536318,DOORMAT AIRMAIL,5,2023-06-14 14:39:00,7.95,1037.0,United Kingdom
536318,ASSORTED COLOUR BIRD ORNAMENT,7,2023-06-14 14:39:00,1.69,1037.0,United Kingdom
536319,WHITE HANGING HEART T-LIGHT HOLDER,8,2023-07-06 14:39:00,2.95,1037.0,United Kingdom
536319,ALARM CLOCK BAKELIKE RED,5,2023-07-06 14:39:00,3.75,1037.0,United Kingdom
536319,NATURAL SLATE CHALKBOARD LARGE,3,2023-07-06 14:39:00,4.95,1037.0,United Kingdom
536319,WOODEN PICTURE FRAME WHITE FINISH,9,2023-07-06 14:39:00,2.55,1037.0,United Kingdom
536320,PAPER CHAIN KIT 50'S CHRISTMAS,7,2023-07-28 14:39:00,2.95,1037.0,United Kingdom
536320,WOODEN STAR CHRISTMAS DECORATION,3,2023-07-28 14:39:00,0.85,1037.0,United Kingdom
536320,REGENCY CAKESTAND 3 TIER,9,2023-07-28 14:39:00,12.75,1037.0,United Kingdom
536320,DOORMAT AIRMAIL,2,2023-07-28 14:39:00,7.95,1037.0,United Kingdom
536320,HAND WARMER OWL DESIGN,3,2023-07-28 14:39:00,2.1,1037.0,United Kingdom
536321,RED RETROSPOT CHARLOTTE BAG,6,2023-08-25 14:39:00,0.85,1037.0,United Kingdom
536321,WHITE HANGING HEART T-LIGHT HOLDER,10,2023-08-25 14:39:00,2.95,1037.0,United Kingdom
536321,ALARM CLOCK BAKELIKE GREEN,10,2023-08-25 14:39:00,3.75,1037.0,United Kingdom
536321,POSTAGE,5,2023-08-25 14:39:00,3.75,1037.0,United Kingdom
536321,REGENCY CAKESTAND 3 TIER,9,2023-08-25 14:39:00,12.75,1037.0,United Kingdom
536322,PACK OF 72 RETROSPOT CAKE CASES,7,2023-09-15 14:39:00,0.55,1037.0,United Kingdom
536322,WHITE HANGING HEART T-LIGHT HOLDER,10,2023-09-15 14:39:00,2.95,1037.0,United Kingdom
536322,NATURAL SLATE CHALKBOARD LARGE,9,2023-09-15 14:39:00,4.95,1037.0,United Kingdom
536322,WOODEN STAR CHRISTMAS DECORATION,7,2023-09-15 14:39:00,0.85,1037.0,United Kingdom
536323,PARTY BUNTING,7,2023-10-14 14:39:00,4.95,1037.0,United Kingdom
536323,HAND WARMER OWL DESIGN,6,2023-10-14 14:39:00,2.1,1037.0,United Kingdom
536323,NATURAL SLATE CHALKBOARD LARGE,10,2023-10-14 14:39:00,4.95,1037.0,United Kingdom
536323,POSTAGE,10,2023-10-14 14:39:00,3.75,1037.0,United Kingdom
536323,ASSORTED COLOUR BIRD ORNAMENT,7,2023-10-14 14:39:00,1.69,1037.0,United Kingdom
536324,WHITE HANGING HEART T-LIGHT HOLDER,9,2023-11-05 14:39:00,2.95,1037.0,United Kingdom
536324,SET OF 3 CAKE TINS PANTRY DESIGN,4,2023-11-05 14:39:00,4.95,1037.0,United Kingdom
536325,WOODEN STAR CHRISTMAS DECORATION,10,2023-04-22 15:06:00,0.85,1038.0,United Kingdom
536325,HAND WARMER OWL DESIGN,4,2023-04-22 15:06:00,2.1,1038.0,United Kingdom
536326,POSTAGE,10,2023-05-15 15:06:00,3.75,1038.0,United Kingdom
536326,ALARM CLOCK BAKELIKE RED,4,2023-05-15 15:06:00,3.75,1038.0,United Kingdom
536326,WHITE HANGING HEART T-LIGHT HOLDER,4,2023-05-15 15:06:00,2.95,1038.0,United Kingdom
536326,RED RETROSPOT CHARLOTTE BAG,4,2023-05-15 15:06:00,0.85,1038.0,United Kingdom
536326,DOORMAT AIRMAIL,3,2023-05-15 15:06:00,7.95,1038.0,United Kingdom
536327,HAND WARMER OWL DESIGN,5,2023-06-14 15:06:00,2.1,1038.0,United Kingdom
536327,ASSORTED COLOUR BIRD ORNAMENT,6,2023-06-14 15:06:00,1.69,1038.0,United Kingdom
536327,ALARM CLOCK BAKELIKE RED,8,2023-06-14 15:06:00,3.75,1038.0,United Kingdom
536327,WOODEN PICTURE FRAME WHITE FINISH,7,2023-06-14 15:06:00,2.55,1038.0,United Kingdom
536327,RED RETROSPOT CHARLOTTE BAG,6,2023-06-14 15:06:00,0.85,1038.0,United Kingdom
536328,LUNCH BAG RED RETROSPOT,10,2023-07-05 15:06:00,1.65,1038.0,United Kingdom
536328,HAND WARMER OWL DESIGN,7,2023-07-05 15:06:00,2.1,1038.0,United Kingdom
536328,RED RETROSPOT CHARLOTTE BAG,10,2023-07-05 15:06:00,0.85,1038.0,United Kingdom
536328,ALARM CLOCK BAKELIKE RED,5,2023-07-05 15:06:00,3.75,1038.0,United Kingdom
536328,VINTAGE SNAP CARDS,5,2023-07-05 15:06:00,0.85,1038.0,United Kingdom
536329,HAND WARMER OWL DESIGN,4,2023-08-03 15:06:00,2.1,1038.0,United Kingdom
536329,VINTAGE SNAP CARDS,4,2023-08-03 15:06:00,0.85,1038.0,United Kingdom
536329,PACK OF 72 RETROSPOT CAKE CASES,10,2023-08-03 15:06:00,0.55,1038.0,United Kingdom
536330,PARTY BUNTING,8,2023-08-24 15:06:00,4.95,1038.0,United Kingdom
536330,PACK OF 72 RETROSPOT CAKE CASES,10,2023-08-24 15:06:00,0.55,1038.0,United Kingdom
536330,ALARM CLOCK BAKELIKE GREEN,6,2023-08-24 15:06:00,3.75,1038.0,United Kingdom
536330,DOORMAT AIRMAIL,8,2023-08-24 15:06:00,7.95,1038.0,United Kingdom
536331,ALARM CLOCK BAKELIKE RED,2,2023-09-19 15:06:00,3.75,1038.0,United Kingdom
536331,PARTY BUNTING,8,2023-09-19 15:06:00,4.95,1038.0,United Kingdom
536332,WHITE HANGING HEART T-LIGHT HOLDER,6,2023-10-17 15:06:00,2.95,1038.0,United Kingdom
536332,HAND WARMER OWL DESIGN,4,2023-10-17 15:06:00,2.1,1038.0,United Kingdom
536332,JUMBO BAG RED RETROSPOT,6,2023-10-17 15:06:00,2.08,1038.0,United Kingdom
536333,LUNCH BAG RED RETROSPOT,10,2023-11-07 15:06:00,1.65,1038.0,United Kingdom
536333,WHITE HANGING HEART T-LIGHT HOLDER,2,2023-11-07 15:06:00,2.95,1038.0,United Kingdom
536333,VINTAGE SNAP CARDS,7,2023-11-07 15:06:00,0.85,1038.0,United Kingdom
536333,JUMBO BAG RED RETROSPOT,9,2023-11-07 15:06:00,2.08,1038.0,United Kingdom
536334,ASSORTED COLOUR BIRD ORNAMENT,5,2023-05-04 17:55:00,1.69,1039.0,Netherlands
536334,ALARM CLOCK BAKELIKE GREEN,9,2023-05-04 17:55:00,3.75,1039.0,Netherlands
536334,WHITE HANGING HEART T-LIGHT HOLDER,5,2023-05-04 17:55:00,2.95,1039.0,Netherlands
536334,POSTAGE,7,2023-05-04 17:55:00,3.75,1039.0,Netherlands
536334,HEART OF WICKER SMALL,10,2023-05-04 17:55:00,1.65,1039.0,Netherlands
536335,JUMBO BAG RED RETROSPOT,4,2023-06-03 17:55:00,2.08,1039.0,Netherlands
536335,VINTAGE SNAP CARDS,3,2023-06-03 17:55:00,0.85,1039.0,Netherlands
536335,WOODEN STAR CHRISTMAS DECORATION,4,2023-06-03 17:55:00,0.85,1039.0,Netherlands
536336,ALARM CLOCK BAKELIKE RED,2,2023-07-05 17:55:00,3.75,1039.0,Netherlands
536336,PARTY BUNTING,8,2023-07-05 17:55:00,4.95,1039.0,Netherlands
536336,WOODEN PICTURE FRAME WHITE FINISH,6,2023-07-05 17:55:00,2.55,1039.0,Netherlands
536337,LUNCH BAG RED RETROSPOT,7,2023-08-04 17:55:00,1.65,1039.0,Netherlands
536337,SET OF 3 CAKE TINS PANTRY DESIGN,9,2023-08-04 17:55:00,4.95,1039.0,Netherlands
536337,HEART OF WICKER SMALL,4,2023-08-04 17:55:00,1.65,1039.0,Netherlands
536337,POSTAGE,2,2023-08-04 17:55:00,3.75,1039.0,Netherlands
536338,ASSORTED COLOUR BIRD ORNAMENT,9,2023-09-03 17:55:00,1.69,1039.0,Netherlands
536338,WHITE HANGING HEART T-LIGHT HOLDER,10,2023-09-03 17:55:00,2.95,1039.0,Netherlands
536338,VINTAGE SNAP CARDS,7,2023-09-03 17:55:00,0.85,1039.0,Netherlands
536339,ASSORTED COLOUR BIRD ORNAMENT,5,2023-09-30 17:55:00,1.69,1039.0,Netherlands
536339,ALARM CLOCK BAKELIKE RED,4,2023-09-30 17:55:00,3.75,1039.0,Netherlands
536340,ALARM CLOCK BAKELIKE RED,8,2023-11-01 17:55:00,3.75,1039.0,Netherlands
536340,SET OF 3 CAKE TINS PANTRY DESIGN,10,2023-11-01 17:55:00,4.95,1039.0,Netherlands
536341,ALARM CLOCK BAKELIKE GREEN,5,2023-01-20 15:05:00,3.75,1040.0,Australia
536341,POSTAGE,5,2023-01-20 15:05:00,3.75,1040.0,Australia
536341,PARTY BUNTING,2,2023-01-20 15:05:00,4.95,1040.0,Australia
536341,PACK OF 72 RETROSPOT CAKE CASES,7,2023-01-20 15:05:00,0.55,1040.0,Australia
536341,WOODEN STAR CHRISTMAS DECORATION,8,2023-01-20 15:05:00,0.85,1040.0,Australia
536342,WOODEN PICTURE FRAME WHITE FINISH,10,2023-03-24 15:05:00,2.55,1040.0,Australia
536342,HEART OF WICKER SMALL,6,2023-03-24 15:05:00,1.65,1040.0,Australia
536343,ALARM CLOCK BAKELIKE RED,10,2023-05-25 15:05:00,3.75,1040.0,Australia
536343,PACK OF 72 RETROSPOT CAKE CASES,10,2023-05-25 15:05:00,0.55,1040.0,Australia
536344,DOORMAT AIRMAIL,10,2023-07-28 15:05:00,7.95,1040.0,Australia
536344,WHITE HANGING HEART T-LIGHT HOLDER,3,2023-07-28 15:05:00,2.95,1040.0,Australia
536344,VINTAGE SNAP CARDS,3,2023-07-28 15:05:00,0.85,1040.0,Australia
536344,JUMBO BAG RED RETROSPOT,4,2023-07-28 15:05:00,2.08,1040.0,Australia
536344,ASSORTED COLOUR BIRD ORNAMENT,10,2023-07-28 15:05:00,1.69,1040.0,Australia
536345,REGENCY CAKESTAND 3 TIER,5,2023-10-04 15:05:00,12.75,1040.0,Australia
536345,JUMBO BAG RED RETROSPOT,8,2023-10-04 15:05:00,2.08,1040.0,Australia
536346,POSTAGE,6,2023-12-17 12:34:00,3.75,1041.0,United Kingdom
536346,WOODEN STAR CHRISTMAS DECORATION,3,2023-12-17 12:34:00,0.85,1041.0,United Kingdom
536347,REGENCY CAKESTAND 3 TIER,1,2023-12-06 12:34:00,12.75,1041.0,United Kingdom
536348,PAPER CHAIN KIT 50'S CHRISTMAS,2,2023-12-10 11:50:00,2.95,1042.0,United Kingdom
536349,RED RETROSPOT CHARLOTTE BAG,6,2023-12-23 15:24:00,0.85,1043.0,United Kingdom
536349,ASSORTED COLOUR BIRD ORNAMENT,1,2023-12-23 15:24:00,1.69,1043.0,United Kingdom
536349,POSTAGE,5,2023-12-23 15:24:00,3.75,1043.0,United Kingdom
536349,WOODEN PICTURE FRAME WHITE FINISH,1,2023-12-23 15:24:00,2.55,1043.0,United Kingdom
536350,ALARM CLOCK BAKELIKE RED,6,2023-11-22 10:48:00,3.75,1044.0,United Kingdom
536350,PARTY BUNTING,3,2023-11-22 10:48:00,4.95,1044.0,United Kingdom
536350,VINTAGE SNAP CARDS,5,2023-11-22 10:48:00,0.85,1044.0,United Kingdom
536351,VINTAGE SNAP CARDS,4,2023-11-23 10:48:00,0.85,1044.0,United Kingdom
536352,SET OF 3 CAKE TINS PANTRY DESIGN,6,2023-11-13 15:52:00,4.95,1045.0,Germany
536352,ALARM CLOCK BAKELIKE GREEN,4,2023-11-13 15:52:00,3.75,1045.0,Germany
536352,NATURAL SLATE CHALKBOARD LARGE,5,2023-11-13 15:52:00,4.95,1045.0,Germany
536352,LUNCH BAG RED RETROSPOT,3,2023-11-13 15:52:00,1.65,1045.0,Germany
536353,ALARM CLOCK BAKELIKE GREEN,5,2023-12-02 11:19:00,3.75,1046.0,United Kingdom
536354,ALARM CLOCK BAKELIKE GREEN,2,2023-12-05 10:02:00,3.75,1047.0,United Kingdom
536354,HAND WARMER OWL DESIGN,6,2023-12-05 10:02:00,2.1,1047.0,United Kingdom
536354,REGENCY CAKESTAND 3 TIER,6,2023-12-05 10:02:00,12.75,1047.0,United Kingdom
536354,VINTAGE SNAP CARDS,6,2023-12-05 10:02:00,0.85,1047.0,United Kingdom
536355,NATURAL SLATE CHALKBOARD LARGE,2,2023-12-16 12:26:00,4.95,1048.0,United Kingdom
536355,HEART OF WICKER SMALL,1,2023-12-16 12:26:00,1.65,1048.0,United Kingdom
536356,PAPER CHAIN KIT 50'S CHRISTMAS,5,2023-12-17 12:26:00,2.95,1048.0,United Kingdom
536356,WHITE HANGING HEART T-LIGHT HOLDER,4,2023-12-17 12:26:00,2.95,1048.0,United Kingdom
536357,HEART OF WICKER SMALL,1,2023-11-30 17:04:00,1.65,1049.0,United Kingdom
536358,NATURAL SLATE CHALKBOARD LARGE,3,2023-12-18 16:21:00,4.95,1050.0,United Kingdom
536358,PARTY BUNTING,5,2023-12-18 16:21:00,4.95,1050.0,United Kingdom
536359,ASSORTED COLOUR BIRD ORNAMENT,3,2023-11-18 12:20:00,1.69,1051.0,Australia
536359,VINTAGE SNAP CARDS,4,2023-11-18 12:20:00,0.85,1051.0,Australia
536359,LUNCH BAG RED RETROSPOT,2,2023-11-18 12:20:00,1.65,1051.0,Australia
536359,PACK OF 72 RETROSPOT CAKE CASES,1,2023-11-18 12:20:00,0.55,1051.0,Australia
536360,PACK OF 72 RETROSPOT CAKE CASES,4,2023-11-18 12:50:00,0.55,1052.0,United Kingdom
536360,LUNCH BAG RED RETROSPOT,4,2023-11-18 12:50:00,1.65,1052.0,United Kingdom
536360,ASSORTED COLOUR BIRD ORNAMENT,4,2023-11-18 12:50:00,1.69,1052.0,United Kingdom
536361,VINTAGE SNAP CARDS,1,2023-11-24 12:50:00,0.85,1052.0,United Kingdom
536361,DOORMAT AIRMAIL,2,2023-11-24 12:50:00,7.95,1052.0,United Kingdom
536361,ALARM CLOCK BAKELIKE GREEN,6,2023-11-24 12:50:00,3.75,1052.0,United Kingdom
536362,ALARM CLOCK BAKELIKE GREEN,3,2023-12-28 10:53:00,3.75,1053.0,United Kingdom
536362,JUMBO BAG RED RETROSPOT,6,2023-12-28 10:53:00,2.08,1053.0,United Kingdom
536363,PAPER CHAIN KIT 50'S CHRISTMAS,5,2023-11-23 10:46:00,2.95,1054.0,France
536364,PAPER CHAIN KIT 50'S CHRISTMAS,5,2023-11-21 10:46:00,2.95,1054.0,France
536364,JUMBO BAG RED RETROSPOT,5,2023-11-21 10:46:00,2.08,1054.0,France
536364,WHITE HANGING HEART T-LIGHT HOLDER,4,2023-11-21 10:46:00,2.95,1054.0,France
536364,HEART OF WICKER SMALL,6,2023-11-21 10:46:00,1.65,1054.0,France
536365,LUNCH BAG RED RETROSPOT,5,2024-01-06 11:23:00,1.65,1055.0,United Kingdom
536365,WOODEN STAR CHRISTMAS DECORATION,1,2024-01-06 11:23:00,0.85,1055.0,United Kingdom
536365,ALARM CLOCK BAKELIKE RED,4,2024-01-06 11:23:00,3.75,1055.0,United Kingdom
536366,ALARM CLOCK BAKELIKE RED,5,2024-01-01 11:23:00,3.75,1055.0,United Kingdom
536366,POSTAGE,6,2024-01-01 11:23:00,3.75,1055.0,United Kingdom
536366,NATURAL SLATE CHALKBOARD LARGE,2,2024-01-01 11:23:00,4.95,1055.0,United Kingdom
536367,SET OF 3 CAKE TINS PANTRY DESIGN,5,2024-01-08 17:08:00,4.95,1056.0,France
536367,PAPER CHAIN KIT 50'S CHRISTMAS,6,2024-01-08 17:08:00,2.95,1056.0,France
536368,NATURAL SLATE CHALKBOARD LARGE,2,2023-11-06 16:22:00,4.95,1057.0,United Kingdom
536368,REGENCY CAKESTAND 3 TIER,1,2023-11-06 16:22:00,12.75,1057.0,United Kingdom
536368,HEART OF WICKER SMALL,6,2023-11-06 16:22:00,1.65,1057.0,United Kingdom
536368,PACK OF 72 RETROSPOT CAKE CASES,2,2023-11-06 16:22:00,0.55,1057.0,United Kingdom
536369,WOODEN PICTURE FRAME WHITE FINISH,1,2023-11-12 16:22:00,2.55,1057.0,United Kingdom
536369,DOORMAT AIRMAIL,1,2023-11-12 16:22:00,7.95,1057.0,United Kingdom
536369,WOODEN STAR CHRISTMAS DECORATION,6,2023-11-12 16:22:00,0.85,1057.0,United Kingdom
536370,PAPER CHAIN KIT 50'S CHRISTMAS,4,2023-11-19 10:45:00,2.95,1058.0,United Kingdom
536370,ALARM CLOCK BAKELIKE GREEN,6,2023-11-19 10:45:00,3.75,1058.0,United Kingdom
536370,SET OF 3 CAKE TINS PANTRY DESIGN,4,2023-11-19 10:45:00,4.95,1058.0,United Kingdom
536371,NATURAL SLATE CHALKBOARD LARGE,3,2023-11-20 10:33:00,4.95,1059.0,United Kingdom
536371,ALARM CLOCK BAKELIKE RED,4,2023-11-20 10:33:00,3.75,1059.0,United Kingdom
536371,WOODEN PICTURE FRAME WHITE FINISH,4,2023-11-20 10:33:00,2.55,1059.0,United Kingdom
536371,PACK OF 72 RETROSPOT CAKE CASES,5,2023-11-20 10:33:00,0.55,1059.0,United Kingdom
536372,NATURAL SLATE CHALKBOARD LARGE,5,2023-11-05 17:56:00,4.95,1060.0,United Kingdom
536372,REGENCY CAKESTAND 3 TIER,6,2023-11-05 17:56:00,12.75,1060.0,United Kingdom
536373,JUMBO BAG RED RETROSPOT,2,2023-11-15 17:56:00,2.08,1060.0,United Kingdom
536373,LUNCH BAG RED RETROSPOT,3,2023-11-15 17:56:00,1.65,1060.0,United Kingdom
536373,SET OF 3 CAKE TINS PANTRY DESIGN,5,2023-11-15 17:56:00,4.95,1060.0,United Kingdom
536374,RED RETROSPOT CHARLOTTE BAG,2,2023-02-23 10:42:00,0.85,1061.0,United Kingdom
536374,ASSORTED COLOUR BIRD ORNAMENT,8,2023-02-23 10:42:00,1.69,1061.0,United Kingdom
536375,DOORMAT AIRMAIL,1,2023-04-26 10:42:00,7.95,1061.0,United Kingdom
536375,JUMBO BAG RED RETROSPOT,4,2023-04-26 10:42:00,2.08,1061.0,United Kingdom
536375,SET OF 3 CAKE TINS PANTRY DESIGN,1,2023-04-26 10:42:00,4.95,1061.0,United Kingdom
536375,RED RETROSPOT CHARLOTTE BAG,3,2023-04-26 10:42:00,0.85,1061.0,United Kingdom
536376,LUNCH BAG RED RETROSPOT,1,2023-06-27 10:42:00,1.65,1061.0,United Kingdom
536376,ALARM CLOCK BAKELIKE RED,3,2023-06-27 10:42:00,3.75,1061.0,United Kingdom
536377,ALARM CLOCK BAKELIKE RED,1,2023-02-02 11:16:00,3.75,1062.0,United Kingdom
536377,WOODEN PICTURE FRAME WHITE FINISH,5,2023-02-02 11:16:00,2.55,1062.0,United Kingdom
536378,JUMBO BAG RED RETROSPOT,8,2023-03-02 11:16:00,2.08,1062.0,United Kingdom
536379,DOORMAT AIRMAIL,3,2023-03-30 11:16:00,7.95,1062.0,United Kingdom
536379,SET OF 3 CAKE TINS PANTRY DESIGN,3,2023-03-30 11:16:00,4.95,1062.0,United Kingdom
536379,NATURAL SLATE CHALKBOARD LARGE,5,2023-03-30 11:16:00,4.95,1062.0,United Kingdom
536379,RED RETROSPOT CHARLOTTE BAG,3,2023-03-30 11:16:00,0.85,1062.0,United Kingdom
536380,WOODEN STAR CHRISTMAS DECORATION,4,2023-04-27 11:16:00,0.85,1062.0,United Kingdom
536380,PAPER CHAIN KIT 50'S CHRISTMAS,7,2023-04-27 11:16:00,2.95,1062.0,United Kingdom
536380,REGENCY CAKESTAND 3 TIER,7,2023-04-27 11:16:00,12.75,1062.0,United Kingdom
536381,ALARM CLOCK BAKELIKE RED,7,2023-04-05 10:01:00,3.75,1063.0,United Kingdom
536381,HAND WARMER OWL DESIGN,3,2023-04-05 10:01:00,2.1,1063.0,United Kingdom
536382,SET OF 3 CAKE TINS PANTRY DESIGN,8,2023-05-27 10:01:00,4.95,1063.0,United Kingdom
536383,REGENCY CAKESTAND 3 TIER,8,2023-04-20 09:56:00,12.75,1064.0,United Kingdom
536384,HAND WARMER OWL DESIGN,1,2023-05-24 09:56:00,2.1,1064.0,United Kingdom
536384,ALARM CLOCK BAKELIKE GREEN,7,2023-05-24 09:56:00,3.75,1064.0,United Kingdom
536385,PACK OF 72 RETROSPOT CAKE CASES,4,2023-06-27 09:56:00,0.55,1064.0,United Kingdom
536385,WHITE HANGING HEART T-LIGHT HOLDER,8,2023-06-27 09:56:00,2.95,1064.0,United Kingdom
536385,ALARM CLOCK BAKELIKE RED,7,2023-06-27 09:56:00,3.75,1064.0,United Kingdom
536385,RED RETROSPOT CHARLOTTE BAG,6,2023-06-27 09:56:00,0.85,1064.0,United Kingdom
536386,HEART OF WICKER SMALL,4,2023-01-19 10:27:00,1.65,1065.0,United Kingdom
536386,DOORMAT AIRMAIL,2,2023-01-19 10:27:00,7.95,1065.0,United Kingdom
536387,JUMBO BAG RED RETROSPOT,2,2023-03-10 17:26:00,2.08,1066.0,United Kingdom
536387,POSTAGE,1,2023-03-10 17:26:00,3.75,1066.0,United Kingdom
536387,PAPER CHAIN KIT 50'S CHRISTMAS,7,2023-03-10 17:26:00,2.95,1066.0,United Kingdom
536388,RED RETROSPOT CHARLOTTE BAG,3,2023-04-21 12:44:00,0.85,1067.0,United Kingdom
536388,PACK OF 72 RETROSPOT CAKE CASES,7,2023-04-21 12:44:00,0.55,1067.0,United Kingdom
536388,PARTY BUNTING,5,2023-04-21 12:44:00,4.95,1067.0,United Kingdom
536389,ALARM CLOCK BAKELIKE GREEN,5,2023-06-27 12:44:00,3.75,1067.0,United Kingdom
536389,RED RETROSPOT CHARLOTTE BAG,7,2023-06-27 12:44:00,0.85,1067.0,United Kingdom
536389,PACK OF 72 RETROSPOT CAKE CASES,4,2023-06-27 12:44:00,0.55,1067.0,United Kingdom
536390,SET OF 3 CAKE TINS PANTRY DESIGN,5,2023-04-14 17:50:00,4.95,1068.0,United Kingdom
536390,PACK OF 72 RETROSPOT CAKE CASES,5,2023-04-14 17:50:00,0.55,1068.0,United Kingdom
536390,ALARM CLOCK BAKELIKE GREEN,6,2023-04-14 17:50:00,3.75,1068.0,United Kingdom
536390,DOORMAT AIRMAIL,7,2023-04-14 17:50:00,7.95,1068.0,United Kingdom
536391,PARTY BUNTING,8,2023-05-27 17:50:00,4.95,1068.0,United Kingdom
536391,NATURAL SLATE CHALKBOARD LARGE,3,2023-05-27 17:50:00,4.95,1068.0,United Kingdom
536392,ASSORTED COLOUR BIRD ORNAMENT,7,2023-01-04 12:32:00,1.69,1069.0,United Kingdom
536392,ALARM CLOCK BAKELIKE GREEN,1,2023-01-04 12:32:00,3.75,1069.0,United Kingdom
536392,WHITE HANGING HEART T-LIGHT HOLDER,2,2023-01-04 12:32:00,2.95,1069.0,United Kingdom
536392,SET OF 3 CAKE TINS PANTRY DESIGN,3,2023-01-04 12:32:00,4.95,1069.0,United Kingdom
536393,HEART OF WICKER SMALL,4,2023-02-16 15:05:00,1.65,1070.0,Australia
536394,REGENCY CAKESTAND 3 TIER,7,2023-06-27 15:05:00,12.75,1070.0,Australia
536394,WHITE HANGING HEART T-LIGHT HOLDER,5,2023-06-27 15:05:00,2.95,1070.0,Australia
536394,WOODEN PICTURE FRAME WHITE FINISH,1,2023-06-27 15:05:00,2.55,1070.0,Australia
536395,WOODEN STAR CHRISTMAS DECORATION,5,2023-02-25 11:40:00,0.85,1071.0,United Kingdom
536395,POSTAGE,4,2023-02-25 11:40:00,3.75,1071.0,United Kingdom
536395,JUMBO BAG RED RETROSPOT,1,2023-02-25 11:40:00,2.08,1071.0,United Kingdom
536395,ALARM CLOCK BAKELIKE RED,4,2023-02-25 11:40:00,3.75,1071.0,United Kingdom
536396,WHITE HANGING HEART T-LIGHT HOLDER,4,2023-03-07 11:40:00,2.95,1071.0,United Kingdom
536396,PACK OF 72 RETROSPOT CAKE CASES,1,2023-03-07 11:40:00,0.55,1071.0,United Kingdom
536397,REGENCY CAKESTAND 3 TIER,7,2023-03-17 11:40:00,12.75,1071.0,United Kingdom
536397,HEART OF WICKER SMALL,6,2023-03-17 11:40:00,1.65,1071.0,United Kingdom
536398,WOODEN PICTURE FRAME WHITE FINISH,1,2023-03-27 11:40:00,2.55,1071.0,United Kingdom
536398,PAPER CHAIN KIT 50'S CHRISTMAS,2,2023-03-27 11:40:00,2.95,1071.0,United Kingdom
536398,JUMBO BAG RED RETROSPOT,2,2023-03-27 11:40:00,2.08,1071.0,United Kingdom
536398,ALARM CLOCK BAKELIKE RED,5,2023-03-27 11:40:00,3.75,1071.0,United Kingdom
536399,PACK OF 72 RETROSPOT CAKE CASES,4,2023-01-24 17:58:00,0.55,1072.0,United Kingdom
536399,HEART OF WICKER SMALL,8,2023-01-24 17:58:00,1.65,1072.0,United Kingdom
536399,NATURAL SLATE CHALKBOARD LARGE,7,2023-01-24 17:58:00,4.95,1072.0,United Kingdom
536400,HEART OF WICKER SMALL,3,2023-03-06 17:58:00,1.65,1072.0,United Kingdom
536401,ALARM CLOCK BAKELIKE RED,5,2023-04-16 17:58:00,3.75,1072.0,United Kingdom
536401,PARTY BUNTING,6,2023-04-16 17:58:00,4.95,1072.0,United Kingdom
536401,ALARM CLOCK BAKELIKE GREEN,2,2023-04-16 17:58:00,3.75,1072.0,United Kingdom
536401,REGENCY CAKESTAND 3 TIER,5,2023-04-16 17:58:00,12.75,1072.0,United Kingdom
536402,WOODEN STAR CHRISTMAS DECORATION,4,2023-05-27 17:58:00,0.85,1072.0,United Kingdom
536402,WOODEN PICTURE FRAME WHITE FINISH,6,2023-05-27 17:58:00,2.55,1072.0,United Kingdom
536402,DOORMAT AIRMAIL,8,2023-05-27 17:58:00,7.95,1072.0,United Kingdom
536403,DOORMAT AIRMAIL,2,2023-04-22 16:57:00,7.95,1073.0,France
536404,REGENCY CAKESTAND 3 TIER,4,2023-05-25 16:57:00,12.75,1073.0,France
536404,WOODEN PICTURE FRAME WHITE FINISH,6,2023-05-25 16:57:00,2.55,1073.0,France
536404,NATURAL SLATE CHALKBOARD LARGE,7,2023-05-25 16:57:00,4.95,1073.0,France
536405,ALARM CLOCK BAKELIKE RED,5,2023-06-27 16:57:00,3.75,1073.0,France
536405,ALARM CLOCK BAKELIKE GREEN,4,2023-06-27 16:57:00,3.75,1073.0,France
536405,POSTAGE,5,2023-06-27 16:57:00,3.75,1073.0,France
536406,REGENCY CAKESTAND 3 TIER,8,2023-04-03 15:43:00,12.75,1074.0,United Kingdom
536406,ALARM CLOCK BAKELIKE GREEN,6,2023-04-03 15:43:00,3.75,1074.0,United Kingdom
536406,SET OF 3 CAKE TINS PANTRY DESIGN,6,2023-04-03 15:43:00,4.95,1074.0,United Kingdom
536407,PAPER CHAIN KIT 50'S CHRISTMAS,3,2023-05-27 15:43:00,2.95,1074.0,United Kingdom
536407,HEART OF WICKER SMALL,4,2023-05-27 15:43:00,1.65,1074.0,United Kingdom
536408,HEART OF WICKER SMALL,4,2023-01-16 12:15:00,1.65,1075.0,United Kingdom
536408,JUMBO BAG RED RETROSPOT,4,2023-01-16 12:15:00,2.08,1075.0,United Kingdom
536409,PARTY BUNTING,2,2023-04-08 14:09:00,4.95,1076.0,United Kingdom
536410,HAND WARMER OWL DESIGN,8,2023-05-27 14:09:00,2.1,1076.0,United Kingdom
536410,POSTAGE,6,2023-05-27 14:09:00,3.75,1076.0,United Kingdom
536410,ALARM CLOCK BAKELIKE GREEN,6,2023-05-27 14:09:00,3.75,1076.0,United Kingdom
536410,WHITE HANGING HEART T-LIGHT HOLDER,8,2023-05-27 14:09:00,2.95,1076.0,United Kingdom
536411,ALARM CLOCK BAKELIKE RED,7,2023-01-19 13:31:00,3.75,1077.0,Australia
536411,HEART OF WICKER SMALL,4,2023-01-19 13:31:00,1.65,1077.0,Australia
536412,WHITE HANGING HEART T-LIGHT HOLDER,7,2023-03-27 13:31:00,2.95,1077.0,Australia
536412,ALARM CLOCK BAKELIKE RED,8,2023-03-27 13:31:00,3.75,1077.0,Australia
536413,WOODEN PICTURE FRAME WHITE FINISH,2,2023-02-18 09:32:00,2.55,1078.0,United Kingdom
536413,SET OF 3 CAKE TINS PANTRY DESIGN,8,2023-02-18 09:32:00,4.95,1078.0,United Kingdom
536413,WOODEN STAR CHRISTMAS DECORATION,6,2023-02-18 09:32:00,0.85,1078.0,United Kingdom
536414,POSTAGE,4,2023-03-02 09:32:00,3.75,1078.0,United Kingdom
536415,PAPER CHAIN KIT 50'S CHRISTMAS,5,2023-03-14 09:32:00,2.95,1078.0,United Kingdom
536415,PARTY BUNTING,3,2023-03-14 09:32:00,4.95,1078.0,United Kingdom
536415,ASSORTED COLOUR BIRD ORNAMENT,5,2023-03-14 09:32:00,1.69,1078.0,United Kingdom
536415,PACK OF 72 RETROSPOT CAKE CASES,4,2023-03-14 09:32:00,0.55,1078.0,United Kingdom
536416,DOORMAT AIRMAIL,3,2023-03-27 09:32:00,7.95,1078.0,United Kingdom
536416,ASSORTED COLOUR BIRD ORNAMENT,8,2023-03-27 09:32:00,1.69,1078.0,United Kingdom
536416,PACK OF 72 RETROSPOT CAKE CASES,7,2023-03-27 09:32:00,0.55,1078.0,United Kingdom
536417,PACK OF 72 RETROSPOT CAKE CASES,8,2023-02-07 15:44:00,0.55,1079.0,Spain
536417,WOODEN PICTURE FRAME WHITE FINISH,3,2023-02-07 15:44:00,2.55,1079.0,Spain
536417,HEART OF WICKER SMALL,3,2023-02-07 15:44:00,1.65,1079.0,Spain
536418,HEART OF WICKER SMALL,4,2023-03-19 12:52:00,1.65,1080.0,United Kingdom
536419,WOODEN PICTURE FRAME WHITE FINISH,8,2023-04-07 12:52:00,2.55,1080.0,United Kingdom
536419,JUMBO BAG RED RETROSPOT,1,2023-04-07 12:52:00,2.08,1080.0,United Kingdom
536419,LUNCH BAG RED RETROSPOT,3,2023-04-07 12:52:00,1.65,1080.0,United Kingdom
536419,ALARM CLOCK BAKELIKE GREEN,7,2023-04-07 12:52:00,3.75,1080.0,United Kingdom
536420,LUNCH BAG RED RETROSPOT,8,2023-04-27 12:52:00,1.65,1080.0,United Kingdom
536420,ALARM CLOCK BAKELIKE RED,5,2023-04-27 12:52:00,3.75,1080.0,United Kingdom
536420,ALARM CLOCK BAKELIKE GREEN,5,2023-04-27 12:52:00,3.75,1080.0,United Kingdom
536420,ASSORTED COLOUR BIRD ORNAMENT,1,2023-04-27 12:52:00,1.69,1080.0,United Kingdom
536421,WHITE HANGING HEART T-LIGHT HOLDER,5,2023-03-13 10:44:00,2.95,1081.0,United Kingdom
536421,JUMBO BAG RED RETROSPOT,8,2023-03-13 10:44:00,2.08,1081.0,United Kingdom
536422,WOODEN STAR CHRISTMAS DECORATION,6,2023-05-27 10:44:00,0.85,1081.0,United Kingdom
536423,PACK OF 72 RETROSPOT CAKE CASES,2,2023-03-09 14:23:00,0.55,1082.0,United Kingdom
536423,POSTAGE,6,2023-03-09 14:23:00,3.75,1082.0,United Kingdom
536423,RED RETROSPOT CHARLOTTE BAG,4,2023-03-09 14:23:00,0.85,1082.0,United Kingdom
536424,VINTAGE SNAP CARDS,6,2023-04-04 14:23:00,0.85,1082.0,United Kingdom
536424,PACK OF 72 RETROSPOT CAKE CASES,8,2023-04-04 14:23:00,0.55,1082.0,United Kingdom
536425,REGENCY CAKESTAND 3 TIER,3,2023-04-30 14:23:00,12.75,1082.0,United Kingdom
536425,WOODEN PICTURE FRAME WHITE FINISH,3,2023-04-30 14:23:00,2.55,1082.0,United Kingdom
536425,VINTAGE SNAP CARDS,6,2023-04-30 14:23:00,0.85,1082.0,United Kingdom
536425,WOODEN STAR CHRISTMAS DECORATION,7,2023-04-30 14:23:00,0.85,1082.0,United Kingdom
536426,REGENCY CAKESTAND 3 TIER,4,2023-05-27 14:23:00,12.75,1082.0,United Kingdom
536426,HAND WARMER OWL DESIGN,6,2023-05-27 14:23:00,2.1,1082.0,United Kingdom
536426,SET OF 3 CAKE TINS PANTRY DESIGN,6,2023-05-27 14:23:00,4.95,1082.0,United Kingdom
536426,ASSORTED COLOUR BIRD ORNAMENT,5,2023-05-27 14:23:00,1.69,1082.0,United Kingdom
536427,HEART OF WICKER SMALL,8,2023-01-23 13:38:00,1.65,1083.0,France
536427,WOODEN STAR CHRISTMAS DECORATION,7,2023-01-23 13:38:00,0.85,1083.0,France
536427,PACK OF 72 RETROSPOT CAKE CASES,3,2023-01-23 13:38:00,0.55,1083.0,France
536427,ALARM CLOCK BAKELIKE RED,3,2023-01-23 13:38:00,3.75,1083.0,France
536428,HEART OF WICKER SMALL,4,2023-01-01 11:46:00,1.65,1084.0,United Kingdom
536428,REGENCY CAKESTAND 3 TIER,3,2023-01-01 11:46:00,12.75,1084.0,United Kingdom
536429,DOORMAT AIRMAIL,1,2023-02-13 10:06:00,7.95,1085.0,United Kingdom
536430,WOODEN PICTURE FRAME WHITE FINISH,2,2023-03-06 10:06:00,2.55,1085.0,United Kingdom
536431,HEART OF WICKER SMALL,3,2023-03-27 10:06:00,1.65,1085.0,United Kingdom
536432,NATURAL SLATE CHALKBOARD LARGE,8,2023-03-03 15:19:00,4.95,1086.0,Germany
536432,VINTAGE SNAP CARDS,3,2023-03-03 15:19:00,0.85,1086.0,Germany
536433,ALARM CLOCK BAKELIKE RED,1,2023-03-30 15:19:00,3.75,1086.0,Germany
536433,SET OF 3 CAKE TINS PANTRY DESIGN,1,2023-03-30 15:19:00,4.95,1086.0,Germany
536434,ASSORTED COLOUR BIRD ORNAMENT,5,2023-04-27 15:19:00,1.69,1086.0,Germany
536434,DOORMAT AIRMAIL,8,2023-04-27 15:19:00,7.95,1086.0,Germany
536434,WOODEN STAR CHRISTMAS DECORATION,3,2023-04-27 15:19:00,0.85,1086.0,Germany
536435,PAPER CHAIN KIT 50'S CHRISTMAS,6,2023-03-23 17:11:00,2.95,1087.0,United Kingdom
536435,RED RETROSPOT CHARLOTTE BAG,8,2023-03-23 17:11:00,0.85,1087.0,United Kingdom
536435,ALARM CLOCK BAKELIKE RED,4,2023-03-23 17:11:00,3.75,1087.0,United Kingdom
536435,VINTAGE SNAP CARDS,2,2023-03-23 17:11:00,0.85,1087.0,United Kingdom
536436,HEART OF WICKER SMALL,1,2023-01-15 13:23:00,1.65,1088.0,Spain
536436,LUNCH BAG RED RETROSPOT,3,2023-01-15 13:23:00,1.65,1088.0,Spain
536436,VINTAGE SNAP CARDS,6,2023-01-15 13:23:00,0.85,1088.0,Spain
536436,POSTAGE,5,2023-01-15 13:23:00,3.75,1088.0,Spain
536437,ALARM CLOCK BAKELIKE GREEN,5,2023-05-27 13:23:00,3.75,1088.0,Spain
536437,POSTAGE,1,2023-05-27 13:23:00,3.75,1088.0,Spain
536437,DOORMAT AIRMAIL,7,2023-05-27 13:23:00,7.95,1088.0,Spain
536437,HAND WARMER OWL DESIGN,5,2023-05-27 13:23:00,2.1,1088.0,Spain
536438,ALARM CLOCK BAKELIKE GREEN,6,2023-01-20 12:50:00,3.75,1089.0,United Kingdom
536439,RED RETROSPOT CHARLOTTE BAG,7,2023-05-27 12:50:00,0.85,1089.0,United Kingdom
536439,ALARM CLOCK BAKELIKE GREEN,7,2023-05-27 12:50:00,3.75,1089.0,United Kingdom
536440,WOODEN PICTURE FRAME WHITE FINISH,7,2023-02-08 11:45:00,2.55,1090.0,United Kingdom
536440,NATURAL SLATE CHALKBOARD LARGE,4,2023-02-08 11:45:00,4.95,1090.0,United Kingdom
536440,HEART OF WICKER SMALL,5,2023-02-08 11:45:00,1.65,1090.0,United Kingdom
536440,REGENCY CAKESTAND 3 TIER,5,2023-02-08 11:45:00,12.75,1090.0,United Kingdom
536441,RED RETROSPOT CHARLOTTE BAG,3,2023-03-19 11:45:00,0.85,1090.0,United Kingdom
536441,JUMBO BAG RED RETROSPOT,3,2023-03-19 11:45:00,2.08,1090.0,United Kingdom
536441,REGENCY CAKESTAND 3 TIER,5,2023-03-19 11:45:00,12.75,1090.0,United Kingdom
536442,WOODEN STAR CHRISTMAS DECORATION,8,2023-04-27 11:45:00,0.85,1090.0,United Kingdom
536443,POSTAGE,1,2023-03-09 16:12:00,3.75,1091.0,United Kingdom
536443,LUNCH BAG RED RETROSPOT,3,2023-03-09 16:12:00,1.65,1091.0,United Kingdom
536443,WHITE HANGING HEART T-LIGHT HOLDER,2,2023-03-09 16:12:00,2.95,1091.0,United Kingdom
536444,HEART OF WICKER SMALL,1,2023-04-04 16:12:00,1.65,1091.0,United Kingdom
536444,LUNCH BAG RED RETROSPOT,4,2023-04-04 16:12:00,1.65,1091.0,United Kingdom
536444,WOODEN STAR CHRISTMAS DECORATION,2,2023-04-04 16:12:00,0.85,1091.0,United Kingdom
536445,POSTAGE,4,2023-04-30 16:12:00,3.75,1091.0,United Kingdom
536445,DOORMAT AIRMAIL,6,2023-04-30 16:12:00,7.95,1091.0,United Kingdom
536446,VINTAGE SNAP CARDS,1,2023-05-27 16:12:00,0.85,1091.0,United Kingdom
536446,DOORMAT AIRMAIL,6,2023-05-27 16:12:00,7.95,1091.0,United Kingdom
536446,PACK OF 72 RETROSPOT CAKE CASES,2,2023-05-27 16:12:00,0.55,1091.0,United Kingdom
536446,WOODEN STAR CHRISTMAS DECORATION,3,2023-05-27 16:12:00,0.85,1091.0,United Kingdom
536447,REGENCY CAKESTAND 3 TIER,4,2023-01-02 13:49:00,12.75,1092.0,France
536447,ALARM CLOCK BAKELIKE GREEN,5,2023-01-02 13:49:00,3.75,1092.0,France
536447,DOORMAT AIRMAIL,7,2023-01-02 13:49:00,7.95,1092.0,France
536447,SET OF 3 CAKE TINS PANTRY DESIGN,1,2023-01-02 13:49:00,4.95,1092.0,France
536448,NATURAL SLATE CHALKBOARD LARGE,2,2023-01-04 12:24:00,4.95,1093.0,Germany
536448,WHITE HANGING HEART T-LIGHT HOLDER,4,2023-01-04 12:24:00,2.95,1093.0,Germany
536448,JUMBO BAG RED RETROSPOT,8,2023-01-04 12:24:00,2.08,1093.0,Germany
536448,WOODEN STAR CHRISTMAS DECORATION,7,2023-01-04 12:24:00,0.85,1093.0,Germany
536449,SET OF 3 CAKE TINS PANTRY DESIGN,2,2023-03-22 13:59:00,4.95,1094.0,United Kingdom
536449,WHITE HANGING HEART T-LIGHT HOLDER,5,2023-03-22 13:59:00,2.95,1094.0,United Kingdom
536449,ALARM CLOCK BAKELIKE GREEN,8,2023-03-22 13:59:00,3.75,1094.0,United Kingdom
536450,JUMBO BAG RED RETROSPOT,4,2023-06-27 13:59:00,2.08,1094.0,United Kingdom
536450,PACK OF 72 RETROSPOT CAKE CASES,2,2023-06-27 13:59:00,0.55,1094.0,United Kingdom
536450,WHITE HANGING HEART T-LIGHT HOLDER,4,2023-06-27 13:59:00,2.95,1094.0,United Kingdom
536451,SET OF 3 CAKE TINS PANTRY DESIGN,5,2023-04-21 15:20:00,4.95,1095.0,United Kingdom
536452,HAND WARMER OWL DESIGN,4,2023-09-17 10:25:00,2.1,1096.0,United Kingdom
536452,LUNCH BAG RED RETROSPOT,9,2023-09-17 10:25:00,1.65,1096.0,United Kingdom
536452,PACK OF 72 RETROSPOT CAKE CASES,3,2023-09-17 10:25:00,0.55,1096.0,United Kingdom
536452,REGENCY CAKESTAND 3 TIER,7,2023-09-17 10:25:00,12.75,1096.0,United Kingdom
536452,NATURAL SLATE CHALKBOARD LARGE,2,2023-09-17 10:25:00,4.95,1096.0,United Kingdom
536453,PACK OF 72 RETROSPOT CAKE CASES,10,2023-10-14 10:25:00,0.55,1096.0,United Kingdom
536453,LUNCH BAG RED RETROSPOT,3,2023-10-14 10:25:00,1.65,1096.0,United Kingdom
536454,DOORMAT AIRMAIL,10,2023-11-16 10:25:00,7.95,1096.0,United Kingdom
536454,NATURAL SLATE CHALKBOARD LARGE,7,2023-11-16 10:25:00,4.95,1096.0,United Kingdom
536454,ASSORTED COLOUR BIRD ORNAMENT,9,2023-11-16 10:25:00,1.69,1096.0,United Kingdom
536455,WOODEN STAR CHRISTMAS DECORATION,4,2023-06-24 12:01:00,0.85,1097.0,United Kingdom
536455,ALARM CLOCK BAKELIKE GREEN,10,2023-06-24 12:01:00,3.75,1097.0,United Kingdom
536455,VINTAGE SNAP CARDS,7,2023-06-24 12:01:00,0.85,1097.0,United Kingdom
536455,DOORMAT AIRMAIL,7,2023-06-24 12:01:00,7.95,1097.0,United Kingdom
536455,JUMBO BAG RED RETROSPOT,9,2023-06-24 12:01:00,2.08,1097.0,United Kingdom
536456,HAND WARMER OWL DESIGN,10,2023-08-17 12:01:00,2.1,1097.0,United Kingdom
536456,ALARM CLOCK BAKELIKE GREEN,4,2023-08-17 12:01:00,3.75,1097.0,United Kingdom
536456,SET OF 3 CAKE TINS PANTRY DESIGN,9,2023-08-17 12:01:00,4.95,1097.0,United Kingdom
536456,REGENCY CAKESTAND 3 TIER,6,2023-08-17 12:01:00,12.75,1097.0,United Kingdom
536457,ALARM CLOCK BAKELIKE GREEN,10,2023-10-18 12:01:00,3.75,1097.0,United Kingdom
536457,PACK OF 72 RETROSPOT CAKE CASES,8,2023-10-18 12:01:00,0.55,1097.0,United Kingdom
536457,WOODEN STAR CHRISTMAS DECORATION,4,2023-10-18 12:01:00,0.85,1097.0,United Kingdom
536457,POSTAGE,2,2023-10-18 12:01:00,3.75,1097.0,United Kingdom
536458,ALARM CLOCK BAKELIKE RED,4,2023-04-19 14:49:00,3.75,1098.0,United Kingdom
536458,DOORMAT AIRMAIL,6,2023-04-19 14:49:00,7.95,1098.0,United Kingdom
536458,ALARM CLOCK BAKELIKE GREEN,7,2023-04-19 14:49:00,3.75,1098.0,United Kingdom
536459,ASSORTED COLOUR BIRD ORNAMENT,2,2023-06-14 14:49:00,1.69,1098.0,United Kingdom
536459,PARTY BUNTING,4,2023-06-14 14:49:00,4.95,1098.0,United Kingdom
536459,PAPER CHAIN KIT 50'S CHRISTMAS,4,2023-06-14 14:49:00,2.95,1098.0,United Kingdom
536459,ALARM CLOCK BAKELIKE RED,2,2023-06-14 14:49:00,3.75,1098.0,United Kingdom
536459,REGENCY CAKESTAND 3 TIER,5,2023-06-14 14:49:00,12.75,1098.0,United Kingdom
536460,DOORMAT AIRMAIL,3,2023-08-17 14:49:00,7.95,1098.0,United Kingdom
536460,JUMBO BAG RED RETROSPOT,2,2023-08-17 14:49:00,2.08,1098.0,United Kingdom
536461,DOORMAT AIRMAIL,5,2023-10-13 14:49:00,7.95,1098.0,United Kingdom
536461,ALARM CLOCK BAKELIKE RED,3,2023-10-13 14:49:00,3.75,1098.0,United Kingdom
536461,HEART OF WICKER SMALL,2,2023-10-13 14:49:00,1.65,1098.0,United Kingdom
536461,WHITE HANGING HEART T-LIGHT HOLDER,5,2023-10-13 14:49:00,2.95,1098.0,United Kingdom
536461,PACK OF 72 RETROSPOT CAKE CASES,9,2023-10-13 14:49:00,0.55,1098.0,United Kingdom
536462,HAND WARMER OWL DESIGN,10,2023-04-03 16:51:00,2.1,1099.0,United Kingdom
536462,HEART OF WICKER SMALL,2,2023-04-03 16:51:00,1.65,1099.0,United Kingdom
536463,VINTAGE SNAP CARDS,5,2023-06-06 16:51:00,0.85,1099.0,United Kingdom
536463,REGENCY CAKESTAND 3 TIER,10,2023-06-06 16:51:00,12.75,1099.0,United Kingdom
536464,PARTY BUNTING,10,2023-08-08 16:51:00,4.95,1099.0,United Kingdom
536464,NATURAL SLATE CHALKBOARD LARGE,8,2023-08-08 16:51:00,4.95,1099.0,United Kingdom
536465,JUMBO BAG RED RETROSPOT,4,2023-10-10 16:51:00,2.08,1099.0,United Kingdom
536465,ALARM CLOCK BAKELIKE RED,10,2023-10-10 16:51:00,3.75,1099.0,United Kingdom
536465,NATURAL SLATE CHALKBOARD LARGE,10,2023-10-10 16:51:00,4.95,1099.0,United Kingdom
536466,PARTY BUNTING,4,2023-05-14 10:49:00,4.95,1100.0,United Kingdom
536466,SET OF 3 CAKE TINS PANTRY DESIGN,10,2023-05-14 10:49:00,4.95,1100.0,United Kingdom
536466,PAPER CHAIN KIT 50'S CHRISTMAS,9,2023-05-14 10:49:00,2.95,1100.0,United Kingdom
536466,WOODEN PICTURE FRAME WHITE FINISH,7,2023-05-14 10:49:00,2.55,1100.0,United Kingdom
536466,ASSORTED COLOUR BIRD ORNAMENT,7,2023-05-14 10:49:00,1.69,1100.0,United Kingdom
536467,PACK OF 72 RETROSPOT CAKE CASES,5,2023-08-27 10:49:00,0.55,1100.0,United Kingdom
536467,RED RETROSPOT CHARLOTTE BAG,10,2023-08-27 10:49:00,0.85,1100.0,United Kingdom
536467,PAPER CHAIN KIT 50'S CHRISTMAS,5,2023-08-27 10:49:00,2.95,1100.0,United Kingdom
536467,ASSORTED COLOUR BIRD ORNAMENT,8,2023-08-27 10:49:00,1.69,1100.0,United Kingdom
536468,HAND WARMER OWL DESIGN,6,2023-08-25 17:59:00,2.1,1101.0,United Kingdom
536468,POSTAGE,2,2023-08-25 17:59:00,3.75,1101.0,United Kingdom
536468,ALARM CLOCK BAKELIKE RED,6,2023-08-25 17:59:00,3.75,1101.0,United Kingdom
536468,LUNCH BAG RED RETROSPOT,5,2023-08-25 17:59:00,1.65,1101.0,United Kingdom
536469,ASSORTED COLOUR BIRD ORNAMENT,10,2023-09-15 17:59:00,1.69,1101.0,United Kingdom
536469,POSTAGE,10,2023-09-15 17:59:00,3.75,1101.0,United Kingdom
536469,HEART OF WICKER SMALL,10,2023-09-15 17:59:00,1.65,1101.0,United Kingdom
536470,PARTY BUNTING,7,2023-10-09 17:59:00,4.95,1101.0,United Kingdom
536470,WHITE HANGING HEART T-LIGHT HOLDER,4,2023-10-09 17:59:00,2.95,1101.0,United Kingdom
536470,WOODEN STAR CHRISTMAS DECORATION,4,2023-10-09 17:59:00,0.85,1101.0,United Kingdom
536471,PACK OF 72 RETROSPOT CAKE CASES,6,2023-10-25 17:59:00,0.55,1101.0,United Kingdom
536471,PAPER CHAIN KIT 50'S CHRISTMAS,6,2023-10-25 17:59:00,2.95,1101.0,United Kingdom
536471,NATURAL SLATE CHALKBOARD LARGE,3,2023-10-25 17:59:00,4.95,1101.0,United Kingdom
536471,ALARM CLOCK BAKELIKE GREEN,8,2023-10-25 17:59:00,3.75,1101.0,United Kingdom
536472,REGENCY CAKESTAND 3 TIER,4,2023-11-16 17:59:00,12.75,1101.0,United Kingdom
536472,ASSORTED COLOUR BIRD ORNAMENT,9,2023-11-16 17:59:00,1.69,1101.0,United Kingdom
536472,DOORMAT AIRMAIL,3,2023-11-16 17:59:00,7.95,1101.0,United Kingdom
536473,PACK OF 72 RETROSPOT CAKE CASES,5,2023-09-20 13:02:00,0.55,1102.0,Australia
536473,RED RETROSPOT CHARLOTTE BAG,2,2023-09-20 13:02:00,0.85,1102.0,Australia
536473,PAPER CHAIN KIT 50'S CHRISTMAS,8,2023-09-20 13:02:00,2.95,1102.0,Australia
536473,PARTY BUNTING,2,2023-09-20 13:02:00,4.95,1102.0,Australia
536474,ALARM CLOCK BAKELIKE RED,7,2023-10-19 13:02:00,3.75,1102.0,Australia
536474,WHITE HANGING HEART T-LIGHT HOLDER,10,2023-10-19 13:02:00,2.95,1102.0,Australia
536474,ASSORTED COLOUR BIRD ORNAMENT,5,2023-10-19 13:02:00,1.69,1102.0,Australia
536474,LUNCH BAG RED RETROSPOT,4,2023-10-19 13:02:00,1.65,1102.0,Australia
536475,WOODEN PICTURE FRAME WHITE FINISH,10,2023-11-16 13:02:00,2.55,1102.0,Australia
536475,WOODEN STAR CHRISTMAS DECORATION,3,2023-11-16 13:02:00,0.85,1102.0,Australia
536476,ALARM CLOCK BAKELIKE GREEN,6,2023-05-06 15:18:00,3.75,1103.0,France
536476,WOODEN PICTURE FRAME WHITE FINISH,3,2023-05-06 15:18:00,2.55,1103.0,France
536477,ALARM CLOCK BAKELIKE RED,10,2023-07-18 15:18:00,3.75,1103.0,France
536477,RED RETROSPOT CHARLOTTE BAG,5,2023-07-18 15:18:00,0.85,1103.0,France
536477,LUNCH BAG RED RETROSPOT,9,2023-07-18 15:18:00,1.65,1103.0,France
536477,ALARM CLOCK BAKELIKE GREEN,8,2023-07-18 15:18:00,3.75,1103.0,France
536477,DOORMAT AIRMAIL,5,2023-07-18 15:18:00,7.95,1103.0,France
536478,NATURAL SLATE CHALKBOARD LARGE,8,2023-09-30 15:18:00,4.95,1103.0,France
536478,REGENCY CAKESTAND 3 TIER,7,2023-09-30 15:18:00,12.75,1103.0,France
536478,HEART OF WICKER SMALL,3,2023-09-30 15:18:00,1.65,1103.0,France
536479,HAND WARMER OWL DESIGN,2,2023-05-03 15:27:00,2.1,1104.0,Australia
536479,WOODEN STAR CHRISTMAS DECORATION,5,2023-05-03 15:27:00,0.85,1104.0,Australia
536479,LUNCH BAG RED RETROSPOT,5,2023-05-03 15:27:00,1.65,1104.0,Australia
536479,PAPER CHAIN KIT 50'S CHRISTMAS,7,2023-05-03 15:27:00,2.95,1104.0,Australia
536480,REGENCY CAKESTAND 3 TIER,5,2023-06-15 15:27:00,12.75,1104.0,Australia
536480,PARTY BUNTING,4,2023-06-15 15:27:00,4.95,1104.0,Australia
536480,WHITE HANGING HEART T-LIGHT HOLDER,6,2023-06-15 15:27:00,2.95,1104.0,Australia
536481,ASSORTED COLOUR BIRD ORNAMENT,6,2023-07-29 15:27:00,1.69,1104.0,Australia
536481,PARTY BUNTING,9,2023-07-29 15:27:00,4.95,1104.0,Australia
536482,POSTAGE,10,2023-09-11 15:27:00,3.75,1104.0,Australia
536482,ASSORTED COLOUR BIRD ORNAMENT,10,2023-09-11 15:27:00,1.69,1104.0,Australia
536482,JUMBO BAG RED RETROSPOT,6,2023-09-11 15:27:00,2.08,1104.0,Australia
536482,ALARM CLOCK BAKELIKE GREEN,10,2023-09-11 15:27:00,3.75,1104.0,Australia
536482,ALARM CLOCK BAKELIKE RED,9,2023-09-11 15:27:00,3.75,1104.0,Australia
536483,POSTAGE,2,2023-10-21 15:27:00,3.75,1104.0,Australia
536483,WOODEN PICTURE FRAME WHITE FINISH,6,2023-10-21 15:27:00,2.55,1104.0,Australia
536483,ALARM CLOCK BAKELIKE RED,4,2023-10-21 15:27:00,3.75,1104.0,Australia
536484,PACK OF 72 RETROSPOT CAKE CASES,8,2023-09-01 13:12:00,0.55,1105.0,United Kingdom
536484,PARTY BUNTING,5,2023-09-01 13:12:00,4.95,1105.0,United Kingdom
536484,POSTAGE,8,2023-09-01 13:12:00,3.75,1105.0,United Kingdom
536484,VINTAGE SNAP CARDS,10,2023-09-01 13:12:00,0.85,1105.0,United Kingdom
536485,ASSORTED COLOUR BIRD ORNAMENT,10,2023-09-27 13:12:00,1.69,1105.0,United Kingdom
536485,DOORMAT AIRMAIL,3,2023-09-27 13:12:00,7.95,1105.0,United Kingdom
536486,JUMBO BAG RED RETROSPOT,10,2023-10-25 13:12:00,2.08,1105.0,United Kingdom
536486,ALARM CLOCK BAKELIKE RED,2,2023-10-25 13:12:00,3.75,1105.0,United Kingdom
536486,WOODEN STAR CHRISTMAS DECORATION,2,2023-10-25 13:12:00,0.85,1105.0,United Kingdom
536487,ALARM CLOCK BAKELIKE RED,9,2023-11-14 13:12:00,3.75,1105.0,United Kingdom
536487,VINTAGE SNAP CARDS,8,2023-11-14 13:12:00,0.85,1105.0,United Kingdom
536487,ASSORTED COLOUR BIRD ORNAMENT,4,2023-11-14 13:12:00,1.69,1105.0,United Kingdom
536488,WHITE HANGING HEART T-LIGHT HOLDER,10,2023-07-01 14:43:00,2.95,1106.0,United Kingdom
536488,HEART OF WICKER SMALL,6,2023-07-01 14:43:00,1.65,1106.0,United Kingdom
536488,WOODEN PICTURE FRAME WHITE FINISH,5,2023-07-01 14:43:00,2.55,1106.0,United Kingdom
536488,POSTAGE,4,2023-07-01 14:43:00,3.75,1106.0,United Kingdom
536489,WOODEN PICTURE FRAME WHITE FINISH,10,2023-08-20 14:43:00,2.55,1106.0,United Kingdom
536489,LUNCH BAG RED RETROSPOT,5,2023-08-20 14:43:00,1.65,1106.0,United Kingdom
536489,REGENCY CAKESTAND 3 TIER,8,2023-08-20 14:43:00,12.75,1106.0,United Kingdom
536489,HAND WARMER OWL DESIGN,5,2023-08-20 14:43:00,2.1,1106.0,United Kingdom
536490,RED RETROSPOT CHARLOTTE BAG,9,2023-10-16 14:43:00,0.85,1106.0,United Kingdom
536490,VINTAGE SNAP CARDS,10,2023-10-16 14:43:00,0.85,1106.0,United Kingdom
536490,ASSORTED COLOUR BIRD ORNAMENT,4,2023-10-16 14:43:00,1.69,1106.0,United Kingdom
536491,RED RETROSPOT CHARLOTTE BAG,7,2023-09-09 11:37:00,0.85,1107.0,United Kingdom
536491,LUNCH BAG RED RETROSPOT,3,2023-09-09 11:37:00,1.65,1107.0,United Kingdom
536491,SET OF 3 CAKE TINS PANTRY DESIGN,10,2023-09-09 11:37:00,4.95,1107.0,United Kingdom
536492,SET OF 3 CAKE TINS PANTRY DESIGN,4,2023-10-22 11:37:00,4.95,1107.0,United Kingdom
536492,ASSORTED COLOUR BIRD ORNAMENT,2,2023-10-22 11:37:00,1.69,1107.0,United Kingdom
536493,JUMBO BAG RED RETROSPOT,4,2023-04-24 14:56:00,2.08,1108.0,United Kingdom
536493,PARTY BUNTING,2,2023-04-24 14:56:00,4.95,1108.0,United Kingdom
536493,LUNCH BAG RED RETROSPOT,6,2023-04-24 14:56:00,1.65,1108.0,United Kingdom
536494,HAND WARMER OWL DESIGN,2,2023-06-10 14:56:00,2.1,1108.0,United Kingdom
536494,NATURAL SLATE CHALKBOARD LARGE,7,2023-06-10 14:56:00,4.95,1108.0,United Kingdom
536494,PAPER CHAIN KIT 50'S CHRISTMAS,3,2023-06-10 14:56:00,2.95,1108.0,United Kingdom
536495,LUNCH BAG RED RETROSPOT,8,2023-07-26 14:56:00,1.65,1108.0,United Kingdom
536495,ALARM CLOCK BAKELIKE RED,9,2023-07-26 14:56:00,3.75,1108.0,United Kingdom
536495,DOORMAT AIRMAIL,9,2023-07-26 14:56:00,7.95,1108.0,United Kingdom
536495,PACK OF 72 RETROSPOT CAKE CASES,4,2023-07-26 14:56:00,0.55,1108.0,United Kingdom
536495,SET OF 3 CAKE TINS PANTRY DESIGN,4,2023-07-26 14:56:00,4.95,1108.0,United Kingdom
536496,NATURAL SLATE CHALKBOARD LARGE,2,2023-09-08 14:56:00,4.95,1108.0,United Kingdom
536496,WHITE HANGING HEART T-LIGHT HOLDER,6,2023-09-08 14:56:00,2.95,1108.0,United Kingdom
536496,RED RETROSPOT CHARLOTTE BAG,8,2023-09-08 14:56:00,0.85,1108.0,United Kingdom
536497,JUMBO BAG RED RETROSPOT,4,2023-10-24 14:56:00,2.08,1108.0,United Kingdom
536497,HAND WARMER OWL DESIGN,9,2023-10-24 14:56:00,2.1,1108.0,United Kingdom
536497,REGENCY CAKESTAND 3 TIER,9,2023-10-24 14:56:00,12.75,1108.0,United Kingdom
536498,WOODEN PICTURE FRAME WHITE FINISH,2,2023-07-23 14:55:00,2.55,1109.0,United Kingdom
536498,PAPER CHAIN KIT 50'S CHRISTMAS,10,2023-07-23 14:55:00,2.95,1109.0,United Kingdom
536498,ALARM CLOCK BAKELIKE GREEN,3,2023-07-23 14:55:00,3.75,1109.0,United Kingdom
536498,ALARM CLOCK BAKELIKE RED,9,2023-07-23 14:55:00,3.75,1109.0,United Kingdom
536499,WHITE HANGING HEART T-LIGHT HOLDER,10,2023-08-27 14:55:00,2.95,1109.0,United Kingdom
536499,NATURAL SLATE CHALKBOARD LARGE,8,2023-08-27 14:55:00,4.95,1109.0,United Kingdom
536499,ALARM CLOCK BAKELIKE RED,10,2023-08-27 14:55:00,3.75,1109.0,United Kingdom
536499,WOODEN PICTURE FRAME WHITE FINISH,2,2023-08-27 14:55:00,2.55,1109.0,United Kingdom
536499,HAND WARMER OWL DESIGN,5,2023-08-27 14:55:00,2.1,1109.0,United Kingdom
536500,WOODEN STAR CHRISTMAS DECORATION,9,2023-09-30 14:55:00,0.85,1109.0,United Kingdom
536500,WOODEN PICTURE FRAME WHITE FINISH,4,2023-09-30 14:55:00,2.55,1109.0,United Kingdom
536500,VINTAGE SNAP CARDS,8,2023-09-30 14:55:00,0.85,1109.0,United Kingdom
536500,ALARM CLOCK BAKELIKE GREEN,6,2023-09-30 14:55:00,3.75,1109.0,United Kingdom
536501,ALARM CLOCK BAKELIKE RED,9,2023-11-04 14:55:00,3.75,1109.0,United Kingdom
536501,LUNCH BAG RED RETROSPOT,9,2023-11-04 14:55:00,1.65,1109.0,United Kingdom
536502,ASSORTED COLOUR BIRD ORNAMENT,5,2023-05-05 17:07:00,1.69,1110.0,United Kingdom
536502,WOODEN STAR CHRISTMAS DECORATION,9,2023-05-05 17:07:00,0.85,1110.0,United Kingdom
536502,POSTAGE,3,2023-05-05 17:07:00,3.75,1110.0,United Kingdom
536502,SET OF 3 CAKE TINS PANTRY DESIGN,6,2023-05-05 17:07:00,4.95,1110.0,United Kingdom
536502,PAPER CHAIN KIT 50'S CHRISTMAS,7,2023-05-05 17:07:00,2.95,1110.0,United Kingdom
536503,PARTY BUNTING,9,2023-07-14 17:07:00,4.95,1110.0,United Kingdom
536503,REGENCY CAKESTAND 3 TIER,7,2023-07-14 17:07:00,12.75,1110.0,United Kingdom
536503,HAND WARMER OWL DESIGN,3,2023-07-14 17:07:00,2.1,1110.0,United Kingdom
536504,ALARM CLOCK BAKELIKE RED,4,2023-09-20 17:07:00,3.75,1110.0,United Kingdom
536504,SET OF 3 CAKE TINS PANTRY DESIGN,7,2023-09-20 17:07:00,4.95,1110.0,United Kingdom
536504,WOODEN PICTURE FRAME WHITE FINISH,4,2023-09-20 17:07:00,2.55,1110.0,United Kingdom
536504,ALARM CLOCK BAKELIKE GREEN,4,2023-09-20 17:07:00,3.75,1110.0,United Kingdom
536504,WHITE HANGING HEART T-LIGHT HOLDER,4,2023-09-20 17:07:00,2.95,1110.0,United Kingdom
536505,POSTAGE,9,2023-05-07 09:26:00,3.75,1111.0,United Kingdom
536505,HEART OF WICKER SMALL,9,2023-05-07 09:26:00,1.65,1111.0,United Kingdom
536505,HAND WARMER OWL DESIGN,9,2023-05-07 09:26:00,2.1,1111.0,United Kingdom
536506,HAND WARMER OWL DESIGN,5,2023-06-20 09:26:00,2.1,1111.0,United Kingdom
536506,DOORMAT AIRMAIL,5,2023-06-20 09:26:00,7.95,1111.0,United Kingdom
536507,WOODEN STAR CHRISTMAS DECORATION,5,2023-07-28 09:26:00,0.85,1111.0,United Kingdom
536507,RED RETROSPOT CHARLOTTE BAG,10,2023-07-28 09:26:00,0.85,1111.0,United Kingdom
536507,HAND WARMER OWL DESIGN,6,2023-07-28 09:26:00,2.1,1111.0,United Kingdom
536507,REGENCY CAKESTAND 3 TIER,10,2023-07-28 09:26:00,12.75,1111.0,United Kingdom
536507,POSTAGE,5,2023-07-28 09:26:00,3.75,1111.0,United Kingdom
536508,SET OF 3 CAKE TINS PANTRY DESIGN,2,2023-09-08 09:26:00,4.95,1111.0,United Kingdom
536508,LUNCH BAG RED RETROSPOT,7,2023-09-08 09:26:00,1.65,1111.0,United Kingdom
536509,LUNCH BAG RED RETROSPOT,6,2023-10-25 09:26:00,1.65,1111.0,United Kingdom
536509,WHITE HANGING HEART T-LIGHT HOLDER,7,2023-10-25 09:26:00,2.95,1111.0,United Kingdom
536510,WOODEN STAR CHRISTMAS DECORATION,2,2023-04-01 09:06:00,0.85,1112.0,United Kingdom
536510,PAPER CHAIN KIT 50'S CHRISTMAS,3,2023-04-01 09:06:00,2.95,1112.0,United Kingdom
536510,PACK OF 72 RETROSPOT CAKE CASES,6,2023-04-01 09:06:00,0.55,1112.0,United Kingdom
536511,PACK OF 72 RETROSPOT CAKE CASES,10,2023-06-02 09:06:00,0.55,1112.0,United Kingdom
536511,WOODEN PICTURE FRAME WHITE FINISH,3,2023-06-02 09:06:00,2.55,1112.0,United Kingdom
536511,REGENCY CAKESTAND 3 TIER,6,2023-06-02 09:06:00,12.75,1112.0,United Kingdom
536511,RED RETROSPOT CHARLOTTE BAG,9,2023-06-02 09:06:00,0.85,1112.0,United Kingdom
536512,PARTY BUNTING,10,2023-08-05 09:06:00,4.95,1112.0,United Kingdom
536512,HEART OF WICKER SMALL,8,2023-08-05 09:06:00,1.65,1112.0,United Kingdom
536512,ASSORTED COLOUR BIRD ORNAMENT,10,2023-08-05 09:06:00,1.69,1112.0,United Kingdom
536513,JUMBO BAG RED RETROSPOT,10,2023-10-07 09:06:00,2.08,1112.0,United Kingdom
536513,WHITE HANGING HEART T-LIGHT HOLDER,3,2023-10-07 09:06:00,2.95,1112.0,United Kingdom
536513,PARTY BUNTING,9,2023-10-07 09:06:00,4.95,1112.0,United Kingdom
536514,ALARM CLOCK BAKELIKE RED,6,2023-08-23 13:27:00,3.75,1113.0,United Kingdom
536514,DOORMAT AIRMAIL,5,2023-08-23 13:27:00,7.95,1113.0,United Kingdom
536514,PAPER CHAIN KIT 50'S CHRISTMAS,2,2023-08-23 13:27:00,2.95,1113.0,United Kingdom
536514,SET OF 3 CAKE TINS PANTRY DESIGN,3,2023-08-23 13:27:00,4.95,1113.0,United Kingdom
536514,NATURAL SLATE CHALKBOARD LARGE,2,2023-08-23 13:27:00,4.95,1113.0,United Kingdom
536515,PARTY BUNTING,7,2023-09-15 13:27:00,4.95,1113.0,United Kingdom
536515,JUMBO BAG RED RETROSPOT,7,2023-09-15 13:27:00,2.08,1113.0,United Kingdom
536515,RED RETROSPOT CHARLOTTE BAG,10,2023-09-15 13:27:00,0.85,1113.0,United Kingdom
536515,ALARM CLOCK BAKELIKE GREEN,5,2023-09-15 13:27:00,3.75,1113.0,United Kingdom
536515,WHITE HANGING HEART T-LIGHT HOLDER,2,2023-09-15 13:27:00,2.95,1113.0,United Kingdom
536516,VINTAGE SNAP CARDS,6,2023-10-06 13:27:00,0.85,1113.0,United Kingdom
536516,HEART OF WICKER SMALL,6,2023-10-06 13:27:00,1.65,1113.0,United Kingdom
536516,REGENCY CAKESTAND 3 TIER,10,2023-10-06 13:27:00,12.75,1113.0,United Kingdom
536517,POSTAGE,8,2023-10-30 13:27:00,3.75,1113.0,United Kingdom
536517,PARTY BUNTING,2,2023-10-30 13:27:00,4.95,1113.0,United Kingdom
536517,ASSORTED COLOUR BIRD ORNAMENT,4,2023-10-30 13:27:00,1.69,1113.0,United Kingdom
536517,ALARM CLOCK BAKELIKE GREEN,5,2023-10-30 13:27:00,3.75,1113.0,United Kingdom
536518,ASSORTED COLOUR BIRD ORNAMENT,4,2023-11-19 13:27:00,1.69,1113.0,United Kingdom
536518,DOORMAT AIRMAIL,9,2023-11-19 13:27:00,7.95,1113.0,United Kingdom
536518,PAPER CHAIN KIT 50'S CHRISTMAS,4,2023-11-19 13:27:00,2.95,1113.0,United Kingdom
536518,WHITE HANGING HEART T-LIGHT HOLDER,9,2023-11-19 13:27:00,2.95,1113.0,United Kingdom
536519,ALARM CLOCK BAKELIKE GREEN,7,2023-08-20 14:29:00,3.75,1114.0,United Kingdom
536519,HAND WARMER OWL DESIGN,7,2023-08-20 14:29:00,2.1,1114.0,United Kingdom
536519,POSTAGE,3,2023-08-20 14:29:00,3.75,1114.0,United Kingdom
536519,JUMBO BAG RED RETROSPOT,4,2023-08-20 14:29:00,2.08,1114.0,United Kingdom
536520,POSTAGE,8,2023-09-13 14:29:00,3.75,1114.0,United Kingdom
536520,ASSORTED COLOUR BIRD ORNAMENT,4,2023-09-13 14:29:00,1.69,1114.0,United Kingdom
536520,WOODEN PICTURE FRAME WHITE FINISH,3,2023-09-13 14:29:00,2.55,1114.0,United Kingdom
536520,SET OF 3 CAKE TINS PANTRY DESIGN,6,2023-09-13 14:29:00,4.95,1114.0,United Kingdom
536521,WHITE HANGING HEART T-LIGHT HOLDER,9,2023-10-15 14:29:00,2.95,1114.0,United Kingdom
536521,HEART OF WICKER SMALL,5,2023-10-15 14:29:00,1.65,1114.0,United Kingdom
536521,RED RETROSPOT CHARLOTTE BAG,7,2023-10-15 14:29:00,0.85,1114.0,United Kingdom
536521,REGENCY CAKESTAND 3 TIER,9,2023-10-15 14:29:00,12.75,1114.0,United Kingdom
536522,JUMBO BAG RED RETROSPOT,3,2023-11-14 14:29:00,2.08,1114.0,United Kingdom
536522,ALARM CLOCK BAKELIKE RED,7,2023-11-14 14:29:00,3.75,1114.0,United Kingdom
536522,VINTAGE SNAP CARDS,2,2023-11-14 14:29:00,0.85,1114.0,United Kingdom
536522,SET OF 3 CAKE TINS PANTRY DESIGN,5,2023-11-14 14:29:00,4.95,1114.0,United Kingdom
536523,ASSORTED COLOUR BIRD ORNAMENT,4,2023-04-05 16:32:00,1.69,1115.0,Spain
536523,LUNCH BAG RED RETROSPOT,5,2023-04-05 16:32:00,1.65,1115.0,Spain
536523,PARTY BUNTING,2,2023-04-05 16:32:00,4.95,1115.0,Spain
536523,ALARM CLOCK BAKELIKE RED,9,2023-04-05 16:32:00,3.75,1115.0,Spain
536524,ALARM CLOCK BAKELIKE RED,3,2023-05-31 16:32:00,3.75,1115.0,Spain
536524,PARTY BUNTING,7,2023-05-31 16:32:00,4.95,1115.0,Spain
536524,POSTAGE,9,2023-05-31 16:32:00,3.75,1115.0,Spain
536524,VINTAGE SNAP CARDS,2,2023-05-31 16:32:00,0.85,1115.0,Spain
536524,WHITE HANGING HEART T-LIGHT HOLDER,3,2023-05-31 16:32:00,2.95,1115.0,Spain
536525,POSTAGE,7,2023-07-31 16:32:00,3.75,1115.0,Spain
536525,PAPER CHAIN KIT 50'S CHRISTMAS,5,2023-07-31 16:32:00,2.95,1115.0,Spain
536525,VINTAGE SNAP CARDS,5,2023-07-31 16:32:00,0.85,1115.0,Spain
536525,JUMBO BAG RED RETROSPOT,6,2023-07-31 16:32:00,2.08,1115.0,Spain
536526,ALARM CLOCK BAKELIKE GREEN,6,2023-09-30 16:32:00,3.75,1115.0,Spain
536526,ASSORTED COLOUR BIRD ORNAMENT,4,2023-09-30 16:32:00,1.69,1115.0,Spain
536526,WOODEN STAR CHRISTMAS DECORATION,4,2023-09-30 16:32:00,0.85,1115.0,Spain
536526,PARTY BUNTING,6,2023-09-30 16:32:00,4.95,1115.0,Spain
536527,HEART OF WICKER SMALL,4,2023-06-02 09:39:00,1.65,1116.0,United Kingdom
536527,LUNCH BAG RED RETROSPOT,3,2023-06-02 09:39:00,1.65,1116.0,United Kingdom
536527,VINTAGE SNAP CARDS,6,2023-06-02 09:39:00,0.85,1116.0,United Kingdom
536527,NATURAL SLATE CHALKBOARD LARGE,7,2023-06-02 09:39:00,4.95,1116.0,United Kingdom
536528,WHITE HANGING HEART T-LIGHT HOLDER,3,2023-09-06 09:39:00,2.95,1116.0,United Kingdom
536528,LUNCH BAG RED RETROSPOT,8,2023-09-06 09:39:00,1.65,1116.0,United Kingdom
536528,POSTAGE,2,2023-09-06 09:39:00,3.75,1116.0,United Kingdom
536528,DOORMAT AIRMAIL,3,2023-09-06 09:39:00,7.95,1116.0,United Kingdom
536528,HAND WARMER OWL DESIGN,8,2023-09-06 09:39:00,2.1,1116.0,United Kingdom
536529,JUMBO BAG RED RETROSPOT,4,2023-07-13 11:45:00,2.08,1117.0,United Kingdom
536529,ALARM CLOCK BAKELIKE GREEN,3,2023-07-13 11:45:00,3.75,1117.0,United Kingdom
536529,REGENCY CAKESTAND 3 TIER,9,2023-07-13 11:45:00,12.75,1117.0,United Kingdom
536529,WOODEN STAR CHRISTMAS DECORATION,3,2023-07-13 11:45:00,0.85,1117.0,United Kingdom
536530,VINTAGE SNAP CARDS,4,2023-08-20 11:45:00,0.85,1117.0,United Kingdom
536530,WOODEN STAR CHRISTMAS DECORATION,6,2023-08-20 11:45:00,0.85,1117.0,United Kingdom
536530,DOORMAT AIRMAIL,7,2023-08-20 11:45:00,7.95,1117.0,United Kingdom
536530,NATURAL SLATE CHALKBOARD LARGE,8,2023-08-20 11:45:00,4.95,1117.0,United Kingdom
536530,ALARM CLOCK BAKELIKE RED,4,2023-08-20 11:45:00,3.75,1117.0,United Kingdom
536531,ASSORTED COLOUR BIRD ORNAMENT,3,2023-09-25 11:45:00,1.69,1117.0,United Kingdom
536531,WOODEN STAR CHRISTMAS DECORATION,9,2023-09-25 11:45:00,0.85,1117.0,United Kingdom
536531,DOORMAT AIRMAIL,3,2023-09-25 11:45:00,7.95,1117.0,United Kingdom
536531,POSTAGE,7,2023-09-25 11:45:00,3.75,1117.0,United Kingdom
536532,WOODEN STAR CHRISTMAS DECORATION,10,2023-11-01 11:45:00,0.85,1117.0,United Kingdom
536532,SET OF 3 CAKE TINS PANTRY DESIGN,3,2023-11-01 11:45:00,4.95,1117.0,United Kingdom
536532,VINTAGE SNAP CARDS,8,2023-11-01 11:45:00,0.85,1117.0,United Kingdom
536532,PACK OF 72 RETROSPOT CAKE CASES,3,2023-11-01 11:45:00,0.55,1117.0,United Kingdom
536532,LUNCH BAG RED RETROSPOT,7,2023-11-01 11:45:00,1.65,1117.0,United Kingdom
536533,WOODEN PICTURE FRAME WHITE FINISH,8,2023-06-18 10:50:00,2.55,1118.0,United Kingdom
536533,REGENCY CAKESTAND 3 TIER,7,2023-06-18 10:50:00,12.75,1118.0,United Kingdom
536533,ASSORTED COLOUR BIRD ORNAMENT,10,2023-06-18 10:50:00,1.69,1118.0,United Kingdom
536533,JUMBO BAG RED RETROSPOT,5,2023-06-18 10:50:00,2.08,1118.0,United Kingdom
536533,RED RETROSPOT CHARLOTTE BAG,4,2023-06-18 10:50:00,0.85,1118.0,United Kingdom
536534,PAPER CHAIN KIT 50'S CHRISTMAS,3,2023-07-22 10:50:00,2.95,1118.0,United Kingdom
536534,DOORMAT AIRMAIL,9,2023-07-22 10:50:00,7.95,1118.0,United Kingdom
536535,ALARM CLOCK BAKELIKE GREEN,6,2023-08-23 10:50:00,3.75,1118.0,United Kingdom
536535,PARTY BUNTING,8,2023-08-23 10:50:00,4.95,1118.0,United Kingdom
536535,WOODEN STAR CHRISTMAS DECORATION,3,2023-08-23 10:50:00,0.85,1118.0,United Kingdom
536535,SET OF 3 CAKE TINS PANTRY DESIGN,3,2023-08-23 10:50:00,4.95,1118.0,United Kingdom
536536,ASSORTED COLOUR BIRD ORNAMENT,4,2023-09-26 10:50:00,1.69,1118.0,United Kingdom
536536,DOORMAT AIRMAIL,2,2023-09-26 10:50:00,7.95,1118.0,United Kingdom
536536,WHITE HANGING HEART T-LIGHT HOLDER,4,2023-09-26 10:50:00,2.95,1118.0,United Kingdom
536536,REGENCY CAKESTAND 3 TIER,4,2023-09-26 10:50:00,12.75,1118.0,United Kingdom
536536,JUMBO BAG RED RETROSPOT,9,2023-09-26 10:50:00,2.08,1118.0,United Kingdom
536537,WOODEN PICTURE FRAME WHITE FINISH,5,2023-10-29 10:50:00,2.55,1118.0,United Kingdom
536537,PAPER CHAIN KIT 50'S CHRISTMAS,7,2023-10-29 10:50:00,2.95,1118.0,United Kingdom
536537,WOODEN STAR CHRISTMAS DECORATION,6,2023-10-29 10:50:00,0.85,1118.0,United Kingdom
536537,JUMBO BAG RED RETROSPOT,6,2023-10-29 10:50:00,2.08,1118.0,United Kingdom
536538,VINTAGE SNAP CARDS,10,2023-08-14 14:05:00,0.85,1119.0,United Kingdom
536538,WHITE HANGING HEART T-LIGHT HOLDER,2,2023-08-14 14:05:00,2.95,1119.0,United Kingdom
536538,PACK OF 72 RETROSPOT CAKE CASES,2,2023-08-14 14:05:00,0.55,1119.0,United Kingdom
536539,PARTY BUNTING,8,2023-10-11 14:05:00,4.95,1119.0,United Kingdom
536539,VINTAGE SNAP CARDS,8,2023-10-11 14:05:00,0.85,1119.0,United Kingdom
536539,POSTAGE,7,2023-10-11 14:05:00,3.75,1119.0,United Kingdom
536539,NATURAL SLATE CHALKBOARD LARGE,8,2023-10-11 14:05:00,4.95,1119.0,United Kingdom
536540,PACK OF 72 RETROSPOT CAKE CASES,4,2023-08-13 15:27:00,0.55,1120.0,United Kingdom
536540,RED RETROSPOT CHARLOTTE BAG,2,2023-08-13 15:27:00,0.85,1120.0,United Kingdom
536540,LUNCH BAG RED RETROSPOT,3,2023-08-13 15:27:00,1.65,1120.0,United Kingdom
536540,VINTAGE SNAP CARDS,2,2023-08-13 15:27:00,0.85,1120.0,United Kingdom
536540,ALARM CLOCK BAKELIKE GREEN,4,2023-08-13 15:27:00,3.75,1120.0,United Kingdom
536541,RED RETROSPOT CHARLOTTE BAG,9,2023-09-20 15:27:00,0.85,1120.0,United Kingdom
536541,LUNCH BAG RED RETROSPOT,8,2023-09-20 15:27:00,1.65,1120.0,United Kingdom
536541,REGENCY CAKESTAND 3 TIER,4,2023-09-20 15:27:00,12.75,1120.0,United Kingdom
536541,PAPER CHAIN KIT 50'S CHRISTMAS,9,2023-09-20 15:27:00,2.95,1120.0,United Kingdom
536541,HAND WARMER OWL DESIGN,10,2023-09-20 15:27:00,2.1,1120.0,United Kingdom
536542,ALARM CLOCK BAKELIKE GREEN,4,2023-10-28 15:27:00,3.75,1120.0,United Kingdom
536542,WOODEN STAR CHRISTMAS DECORATION,8,2023-10-28 15:27:00,0.85,1120.0,United Kingdom
536542,WOODEN PICTURE FRAME WHITE FINISH,2,2023-10-28 15:27:00,2.55,1120.0,United Kingdom
536542,PACK OF 72 RETROSPOT CAKE CASES,9,2023-10-28 15:27:00,0.55,1120.0,United Kingdom
536542,NATURAL SLATE CHALKBOARD LARGE,5,2023-10-28 15:27:00,4.95,1120.0,United Kingdom
536543,ALARM CLOCK BAKELIKE RED,2,2023-07-18 12:00:00,3.75,,United Kingdom
536544,PAPER CHAIN KIT 50'S CHRISTMAS,2,2023-01-02 12:00:00,2.95,,United Kingdom
536545,PAPER CHAIN KIT 50'S CHRISTMAS,2,2023-12-12 12:00:00,2.95,,United Kingdom
536546,PARTY BUNTING,3,2023-08-23 12:00:00,4.95,,United Kingdom
536547,REGENCY CAKESTAND 3 TIER,1,2023-12-24 12:00:00,12.75,,United Kingdom
536548,ALARM CLOCK BAKELIKE RED,2,2023-08-17 12:00:00,3.75,,United Kingdom
536549,REGENCY CAKESTAND 3 TIER,3,2023-10-03 12:00:00,12.75,,United Kingdom
536550,NATURAL SLATE CHALKBOARD LARGE,2,2023-11-24 12:00:00,4.95,,United Kingdom
536551,REGENCY CAKESTAND 3 TIER,3,2023-11-18 12:00:00,12.75,,United Kingdom
536552,PAPER CHAIN KIT 50'S CHRISTMAS,2,2023-10-02 12:00:00,2.95,,United Kingdom
536553,ASSORTED COLOUR BIRD ORNAMENT,3,2023-01-16 12:00:00,1.69,,United Kingdom
536554,WOODEN STAR CHRISTMAS DECORATION,3,2023-08-19 12:00:00,0.85,,United Kingdom
536555,ASSORTED COLOUR BIRD ORNAMENT,2,2023-06-26 12:00:00,1.69,,United Kingdom
536556,VINTAGE SNAP CARDS,2,2023-03-02 12:00:00,0.85,,United Kingdom
536557,HAND WARMER OWL DESIGN,3,2023-05-24 12:00:00,2.1,,United Kingdom
536558,PAPER CHAIN KIT 50'S CHRISTMAS,2,2023-01-21 12:00:00,2.95,,United Kingdom
536559,DOORMAT AIRMAIL,3,2023-03-19 12:00:00,7.95,,United Kingdom
536560,WHITE HANGING HEART T-LIGHT HOLDER,3,2023-05-26 12:00:00,2.95,,United Kingdom
536561,HAND WARMER OWL DESIGN,1,2023-05-16 12:00:00,2.1,,United Kingdom
536562,REGENCY CAKESTAND 3 TIER,1,2023-09-03 12:00:00,12.75,,United Kingdom
536563,HEART OF WICKER SMALL,2,2023-03-20 12:00:00,1.65,,United Kingdom
536564,HEART OF WICKER SMALL,2,2023-05-01 12:00:00,1.65,,United Kingdom
536565,PARTY BUNTING,3,2023-03-19 12:00:00,4.95,,United Kingdom
536566,LUNCH BAG RED RETROSPOT,3,2023-08-12 12:00:00,1.65,,United Kingdom
536567,SET OF 3 CAKE TINS PANTRY DESIGN,2,2023-12-08 12:00:00,4.95,,United Kingdom
C536588,DOORMAT AIRMAIL,-5,2023-03-11 14:30:00,7.95,1006.0,United Kingdom
C536615,LUNCH BAG RED RETROSPOT,-2,2023-10-25 14:30:00,1.65,1027.0,United Kingdom
C536592,WOODEN PICTURE FRAME WHITE FINISH,-4,2023-05-07 14:30:00,2.55,1037.0,United Kingdom
C536580,PACK OF 72 RETROSPOT CAKE CASES,-3,2023-04-02 14:30:00,0.55,1011.0,United Kingdom
C536602,WOODEN STAR CHRISTMAS DECORATION,-4,2023-07-16 14:30:00,0.85,1048.0,United Kingdom
C536591,ALARM CLOCK BAKELIKE GREEN,-4,2023-09-16 14:30:00,3.75,1017.0,United Kingdom
C536610,LUNCH BAG RED RETROSPOT,-4,2023-03-10 14:30:00,1.65,1029.0,United Kingdom
C536597,WOODEN PICTURE FRAME WHITE FINISH,-5,2023-03-04 14:30:00,2.55,1035.0,United Kingdom
536568,Damaged / Free Sample,0,2023-06-15 10:00:00,0.0,1020.0,United Kingdom
536569,Damaged / Free Sample,0,2023-06-15 10:00:00,0.0,1020.0,United Kingdom
536570,Damaged / Free Sample,0,2023-06-15 10:00:00,0.0,1020.0,United Kingdom
536571,Damaged / Free Sample,0,2023-06-15 10:00:00,0.0,1020.0,United Kingdom
536572,Damaged / Free Sample,0,2023-06-15 10:00:00,0.0,1020.0,United Kingdom
536013,HAND WARMER OWL DESIGN,11,2023-01-08 15:20:00,2.1,1002.0,United Kingdom
536007,WOODEN PICTURE FRAME WHITE FINISH,11,2023-06-23 09:45:00,2.55,1001.0,United Kingdom
536009,REGENCY CAKESTAND 3 TIER,10,2023-08-20 09:45:00,12.75,1001.0,United Kingdom
536013,REGENCY CAKESTAND 3 TIER,4,2023-01-08 15:20:00,12.75,1002.0,United Kingdom
